,Mun_Ori,Mun_Des,O_long,O_lat,D_long,D_lat,Lat_pueblo_O,Long_pueblo_O,Lat_pueblo_D,Long_pueblo_D
0,Ordizia,Lasarte-Oria,-2.185568795899589,43.05325017019918,-2.022158145420893,43.27020030359714,43.0637579709383,-2.1818318125,43.263787380437,-2.01193141046
1,Ordizia,Lasarte-Oria,-2.185310458620421,43.04608480662005,-2.020837390222267,43.27123074979807,43.0637579709383,-2.1818318125,43.263787380437,-2.01193141046
2,Ordizia,Lasarte-Oria,-2.1669156024122302,43.05508164103368,-2.021995143684293,43.26858985891135,43.0637579709383,-2.1818318125,43.263787380437,-2.01193141046
3,Ordizia,Lasarte-Oria,-2.1767537749420933,43.05408931379654,-2.003685999749856,43.26081091936175,43.0637579709383,-2.1818318125,43.263787380437,-2.01193141046
4,Ordizia,Lasarte-Oria,-2.1780858334745066,43.05353581652541,-2.018444481563574,43.27020219795848,43.0637579709383,-2.1818318125,43.263787380437,-2.01193141046
5,Ordizia,Lasarte-Oria,-2.174759652848935,43.052157386128094,-2.0214939063528217,43.27169997528196,43.0637579709383,-2.1818318125,43.263787380437,-2.01193141046
6,Ordizia,Lasarte-Oria,-2.178713604158748,43.05491665713262,-2.022120357121324,43.27114811551164,43.0637579709383,-2.1818318125,43.263787380437,-2.01193141046
7,Ordizia,Lasarte-Oria,-2.178713604158748,43.05491665713262,-2.0183063883086287,43.26938123195768,43.0637579709383,-2.1818318125,43.263787380437,-2.01193141046
8,Ordizia,Lasarte-Oria,-2.180699333885956,43.054592155199856,-2.0207209712937524,43.26617737749583,43.0637579709383,-2.1818318125,43.263787380437,-2.01193141046
9,Ordizia,Lasarte-Oria,-2.17903007659995,43.05188728552116,-2.021995143684293,43.26858985891135,43.0637579709383,-2.1818318125,43.263787380437,-2.01193141046
10,Ordizia,Lasarte-Oria,-2.1792259892944754,43.05028077019748,-2.017096791852586,43.25976092979944,43.0637579709383,-2.1818318125,43.263787380437,-2.01193141046
11,Ordizia,Lasarte-Oria,-2.185568795899589,43.05325017019918,-2.006193554316124,43.27070478081426,43.0637579709383,-2.1818318125,43.263787380437,-2.01193141046
12,Ordizia,Lasarte-Oria,-2.174759652848935,43.052157386128094,-2.018920614591305,43.26583896057308,43.0637579709383,-2.1818318125,43.263787380437,-2.01193141046
13,Ordizia,Lasarte-Oria,-2.184077332486524,43.04718538345176,-2.006315914916311,43.26621941309514,43.0637579709383,-2.1818318125,43.263787380437,-2.01193141046
14,Ordizia,Lasarte-Oria,-2.1807686476850585,43.04938144859165,-2.0230065800124617,43.26917215076814,43.0637579709383,-2.1818318125,43.263787380437,-2.01193141046
15,Ordizia,Lasarte-Oria,-2.1807686476850585,43.04938144859165,-2.0184543526434515,43.264022460934655,43.0637579709383,-2.1818318125,43.263787380437,-2.01193141046
16,Ordizia,Lasarte-Oria,-2.1828594658664198,43.04733292112908,-2.0087673354431206,43.27279213377535,43.0637579709383,-2.1818318125,43.263787380437,-2.01193141046
17,Ordizia,Lasarte-Oria,-2.1669156024122302,43.05508164103368,-2.012197292552428,43.27206368957552,43.0637579709383,-2.1818318125,43.263787380437,-2.01193141046
18,Ordizia,Lasarte-Oria,-2.1807686476850585,43.04938144859165,-2.0090154250032626,43.273520985945936,43.0637579709383,-2.1818318125,43.263787380437,-2.01193141046
19,Ordizia,Lasarte-Oria,-2.184600164316043,43.047187323950446,-2.02117979164483,43.26918382956144,43.0637579709383,-2.1818318125,43.263787380437,-2.01193141046
20,Ordizia,Lasarte-Oria,-2.1669156024122302,43.05508164103368,-2.011460633690629,43.26982722563766,43.0637579709383,-2.1818318125,43.263787380437,-2.01193141046
21,Ordizia,Lasarte-Oria,-2.1669156024122302,43.05508164103368,-2.023490780800849,43.26949375347661,43.0637579709383,-2.1818318125,43.263787380437,-2.01193141046
22,Ordizia,Lasarte-Oria,-2.1792259892944754,43.05028077019748,-2.018444481563574,43.27020219795848,43.0637579709383,-2.1818318125,43.263787380437,-2.01193141046
23,Ordizia,Lasarte-Oria,-2.1780858334745066,43.05353581652541,-2.01422704742506,43.26337972381069,43.0637579709383,-2.1818318125,43.263787380437,-2.01193141046
24,Ordizia,Lasarte-Oria,-2.1828594658664198,43.04733292112908,-2.017077892044649,43.26226627029158,43.0637579709383,-2.1818318125,43.263787380437,-2.01193141046
25,Ordizia,Lasarte-Oria,-2.1828594658664198,43.04733292112908,-2.0113020477203234,43.27144070524432,43.0637579709383,-2.1818318125,43.263787380437,-2.01193141046
26,Ordizia,Lasarte-Oria,-2.1792259892944754,43.05028077019748,-2.0162000929823245,43.26162646978849,43.0637579709383,-2.1818318125,43.263787380437,-2.01193141046
27,Ordizia,Lasarte-Oria,-2.1743738687549663,43.05233981450124,-2.019173235837592,43.252745560656905,43.0637579709383,-2.1818318125,43.263787380437,-2.01193141046
28,Ordizia,Lasarte-Oria,-2.1792259892944754,43.05028077019748,-2.020938672803273,43.27104596296007,43.0637579709383,-2.1818318125,43.263787380437,-2.01193141046
29,Ordizia,Lasarte-Oria,-2.1743738687549663,43.05233981450124,-2.0117457326460686,43.27021938182272,43.0637579709383,-2.1818318125,43.263787380437,-2.01193141046
30,Ordizia,Lasarte-Oria,-2.184600164316043,43.047187323950446,-2.021995143684293,43.26858985891135,43.0637579709383,-2.1818318125,43.263787380437,-2.01193141046
31,Ordizia,Lasarte-Oria,-2.1792259892944754,43.05028077019748,-2.018564847968485,43.26877559518463,43.0637579709383,-2.1818318125,43.263787380437,-2.01193141046
32,Ordizia,Lasarte-Oria,-2.184077332486524,43.04718538345176,-2.015945656464462,43.25949414550163,43.0637579709383,-2.1818318125,43.263787380437,-2.01193141046
33,Ordizia,Lasarte-Oria,-2.172013363473536,43.057302577966055,-2.021995143684293,43.26858985891135,43.0637579709383,-2.1818318125,43.263787380437,-2.01193141046
34,Ordizia,Lasarte-Oria,-2.179236456598344,43.05368939552898,-2.010389046749947,43.27270424322009,43.0637579709383,-2.1818318125,43.263787380437,-2.01193141046
35,Ordizia,Lasarte-Oria,-2.1669156024122302,43.05508164103368,-2.006193554316124,43.27070478081426,43.0637579709383,-2.1818318125,43.263787380437,-2.01193141046
36,Ordizia,Lasarte-Oria,-2.1792259892944754,43.05028077019748,-2.0203966744206747,43.2695943051941,43.0637579709383,-2.1818318125,43.263787380437,-2.01193141046
37,Ordizia,Lasarte-Oria,-2.184077332486524,43.04718538345176,-2.020378847894137,43.27348137639828,43.0637579709383,-2.1818318125,43.263787380437,-2.01193141046
38,Ordizia,Lasarte-Oria,-2.17903007659995,43.05188728552116,-2.015108881460552,43.26318372329545,43.0637579709383,-2.1818318125,43.263787380437,-2.01193141046
39,Ordizia,Lasarte-Oria,-2.184077332486524,43.04718538345176,-2.0214939063528217,43.27169997528196,43.0637579709383,-2.1818318125,43.263787380437,-2.01193141046
40,Ordizia,Lasarte-Oria,-2.184600164316043,43.047187323950446,-2.0187201626143234,43.27348878970517,43.0637579709383,-2.1818318125,43.263787380437,-2.01193141046
41,Ordizia,Lasarte-Oria,-2.1792259892944754,43.05028077019748,-2.022060532289032,43.26924830156904,43.0637579709383,-2.1818318125,43.263787380437,-2.01193141046
42,Ordizia,Lasarte-Oria,-2.172013363473536,43.057302577966055,-2.018564847968485,43.26877559518463,43.0637579709383,-2.1818318125,43.263787380437,-2.01193141046
43,Ordizia,Lasarte-Oria,-2.1629514969295105,43.05217489822513,-2.020921610184889,43.26553142356534,43.0637579709383,-2.1818318125,43.263787380437,-2.01193141046
44,Ordizia,Lasarte-Oria,-2.1833417272808804,43.053814803864746,-2.0214093490807463,43.27050104731234,43.0637579709383,-2.1818318125,43.263787380437,-2.01193141046
45,Ordizia,Lasarte-Oria,-2.1828594658664198,43.04733292112908,-2.021995143684293,43.26858985891135,43.0637579709383,-2.1818318125,43.263787380437,-2.01193141046
46,Ordizia,Lasarte-Oria,-2.178713604158748,43.05491665713262,-2.0193379338017583,43.26624455091804,43.0637579709383,-2.1818318125,43.263787380437,-2.01193141046
47,Ordizia,Lasarte-Oria,-2.1669156024122302,43.05508164103368,-2.0193720731089355,43.27018358103257,43.0637579709383,-2.1818318125,43.263787380437,-2.01193141046
48,Ordizia,Lasarte-Oria,-2.184077332486524,43.04718538345176,-2.020943595268279,43.270147066725045,43.0637579709383,-2.1818318125,43.263787380437,-2.01193141046
35569,Eibar,Donostia/San Sebastian,-2.471222723519968,43.18135605013112,-1.9638624858723968,43.316340574446855,43.1997782323138,-2.4616488769,43.2918111063554,-1.9885133578
35570,Eibar,Donostia/San Sebastian,-2.457173644463194,43.1893093713656,-1.981447772022507,43.31545185423616,43.1997782323138,-2.4616488769,43.2918111063554,-1.9885133578
35571,Eibar,Donostia/San Sebastian,-2.472697394711252,43.185196522164055,-2.009118131284665,43.3023640357097,43.1997782323138,-2.4616488769,43.2918111063554,-1.9885133578
35572,Eibar,Donostia/San Sebastian,-2.4756737548132453,43.18483504775039,-1.984268712064,43.32561107973152,43.1997782323138,-2.4616488769,43.2918111063554,-1.9885133578
35573,Eibar,Donostia/San Sebastian,-2.472704228896611,43.18430514178805,-2.0085308985753016,43.31081820702384,43.1997782323138,-2.4616488769,43.2918111063554,-1.9885133578
35574,Eibar,Donostia/San Sebastian,-2.467914437209558,43.18671394046397,-1.9971300158271277,43.28538412294351,43.1997782323138,-2.4616488769,43.2918111063554,-1.9885133578
35575,Eibar,Donostia/San Sebastian,-2.473023949147748,43.18497750126702,-2.004762976240636,43.30099208977738,43.1997782323138,-2.4616488769,43.2918111063554,-1.9885133578
35576,Eibar,Donostia/San Sebastian,-2.4631205869798074,43.18708444031901,-2.0053762332870493,43.31243094678276,43.1997782323138,-2.4616488769,43.2918111063554,-1.9885133578
35577,Eibar,Donostia/San Sebastian,-2.4703384328100766,43.18503664070799,-1.977079843944189,43.30358402657974,43.1997782323138,-2.4616488769,43.2918111063554,-1.9885133578
35578,Eibar,Donostia/San Sebastian,-2.4708209629298863,43.18348623900307,-1.9811004391681424,43.31799618497667,43.1997782323138,-2.4616488769,43.2918111063554,-1.9885133578
35579,Eibar,Donostia/San Sebastian,-2.47407245736187,43.18402910730045,-1.9785374000577336,43.32374663055161,43.1997782323138,-2.4616488769,43.2918111063554,-1.9885133578
35580,Eibar,Donostia/San Sebastian,-2.470383060845547,43.18575740842842,-2.00393652440058,43.301265624323854,43.1997782323138,-2.4616488769,43.2918111063554,-1.9885133578
35581,Eibar,Donostia/San Sebastian,-2.483950014161275,43.18291151628362,-1.9709635232068103,43.32256111526706,43.1997782323138,-2.4616488769,43.2918111063554,-1.9885133578
35582,Eibar,Donostia/San Sebastian,-2.4662645265803578,43.185647908131536,-1.97322772234941,43.3245578364074,43.1997782323138,-2.4616488769,43.2918111063554,-1.9885133578
35583,Eibar,Donostia/San Sebastian,-2.4668756664974985,43.18723198948496,-1.976601006014268,43.303091131688895,43.1997782323138,-2.4616488769,43.2918111063554,-1.9885133578
35584,Eibar,Donostia/San Sebastian,-2.470383060845547,43.18575740842842,-1.9751582611831864,43.304617308377296,43.1997782323138,-2.4616488769,43.2918111063554,-1.9885133578
35585,Eibar,Donostia/San Sebastian,-2.483950014161275,43.18291151628362,-1.9793479097289697,43.31955180227732,43.1997782323138,-2.4616488769,43.2918111063554,-1.9885133578
35586,Eibar,Donostia/San Sebastian,-2.473511304016951,43.18323851038781,-1.9811887464877724,43.30345092935061,43.1997782323138,-2.4616488769,43.2918111063554,-1.9885133578
35587,Eibar,Donostia/San Sebastian,-2.471523325422217,43.18151069450581,-1.9998045798760435,43.30324569549639,43.1997782323138,-2.4616488769,43.2918111063554,-1.9885133578
35588,Eibar,Donostia/San Sebastian,-2.4707767313758016,43.18432961932882,-2.0063006633276017,43.31194299216381,43.1997782323138,-2.4616488769,43.2918111063554,-1.9885133578
35589,Eibar,Donostia/San Sebastian,-2.462275894084289,43.18573155594345,-1.9903046134961788,43.31148471763029,43.1997782323138,-2.4616488769,43.2918111063554,-1.9885133578
35590,Eibar,Donostia/San Sebastian,-2.478234450302098,43.18258925024393,-1.9735819137681232,43.30137522972662,43.1997782323138,-2.4616488769,43.2918111063554,-1.9885133578
35591,Eibar,Donostia/San Sebastian,-2.4668756664974985,43.18723198948496,-1.980669090873144,43.293465422322384,43.1997782323138,-2.4616488769,43.2918111063554,-1.9885133578
35592,Eibar,Donostia/San Sebastian,-2.4736595061153404,43.18243054154981,-1.9773914171771971,43.3169755884539,43.1997782323138,-2.4616488769,43.2918111063554,-1.9885133578
35593,Eibar,Donostia/San Sebastian,-2.481454656696928,43.18608685008632,-1.9861472886815663,43.28724976127554,43.1997782323138,-2.4616488769,43.2918111063554,-1.9885133578
35594,Eibar,Donostia/San Sebastian,-2.4760861310466926,43.18453310035207,-1.979925539505231,43.318067425103976,43.1997782323138,-2.4616488769,43.2918111063554,-1.9885133578
35595,Eibar,Donostia/San Sebastian,-2.4712969753204184,43.18429172910922,-1.9808236347289236,43.30447018461625,43.1997782323138,-2.4616488769,43.2918111063554,-1.9885133578
35596,Eibar,Donostia/San Sebastian,-2.467273016024619,43.185780306180526,-1.98330349084467,43.321060239364485,43.1997782323138,-2.4616488769,43.2918111063554,-1.9885133578
35597,Eibar,Donostia/San Sebastian,-2.466798165149846,43.21209435546825,-1.9810393578383,43.32088051446926,43.1997782323138,-2.4616488769,43.2918111063554,-1.9885133578
35598,Eibar,Donostia/San Sebastian,-2.4759802903184465,43.18520290900191,-1.9638624858723968,43.316340574446855,43.1997782323138,-2.4616488769,43.2918111063554,-1.9885133578
35599,Eibar,Donostia/San Sebastian,-2.4757469086787736,43.18342838802452,-1.9971300158271277,43.28538412294351,43.1997782323138,-2.4616488769,43.2918111063554,-1.9885133578
35600,Eibar,Donostia/San Sebastian,-2.4700438258078843,43.18680298608758,-1.981243782233088,43.31954308642647,43.1997782323138,-2.4616488769,43.2918111063554,-1.9885133578
35601,Eibar,Donostia/San Sebastian,-2.4752096532284966,43.18462910219584,-1.9638624858723968,43.316340574446855,43.1997782323138,-2.4616488769,43.2918111063554,-1.9885133578
35602,Eibar,Donostia/San Sebastian,-2.4675728273973063,43.18747115113367,-1.9821184942838708,43.315531775243535,43.1997782323138,-2.4616488769,43.2918111063554,-1.9885133578
35603,Eibar,Donostia/San Sebastian,-2.4707804934449964,43.18376365787253,-2.007158930042551,43.30467218978245,43.1997782323138,-2.4616488769,43.2918111063554,-1.9885133578
35604,Eibar,Donostia/San Sebastian,-2.471908573338363,43.18477174348045,-2.0056499030518475,43.31125304306736,43.1997782323138,-2.4616488769,43.2918111063554,-1.9885133578
35605,Eibar,Donostia/San Sebastian,-2.4732953720714623,43.18526094594205,-2.003350484045697,43.31361806940861,43.1997782323138,-2.4616488769,43.2918111063554,-1.9885133578
35606,Eibar,Donostia/San Sebastian,-2.4569307037905865,43.18675830833551,-1.9764389648461973,43.303177996623646,43.1997782323138,-2.4616488769,43.2918111063554,-1.9885133578
35607,Eibar,Donostia/San Sebastian,-2.466789093518841,43.18559158525092,-1.9808236347289236,43.30447018461625,43.1997782323138,-2.4616488769,43.2918111063554,-1.9885133578
35608,Eibar,Donostia/San Sebastian,-2.483749362939184,43.18099619152607,-2.045696008826123,43.30442472907773,43.1997782323138,-2.4616488769,43.2918111063554,-1.9885133578
35609,Eibar,Donostia/San Sebastian,-2.469401500695507,43.18152058550114,-1.9829503155895984,43.31896819627387,43.1997782323138,-2.4616488769,43.2918111063554,-1.9885133578
35610,Eibar,Donostia/San Sebastian,-2.475076405914561,43.18214794912159,-1.980040824330483,43.316971931844456,43.1997782323138,-2.4616488769,43.2918111063554,-1.9885133578
35611,Eibar,Donostia/San Sebastian,-2.4610355505443997,43.188050191806944,-1.9858779114642264,43.2928805988504,43.1997782323138,-2.4616488769,43.2918111063554,-1.9885133578
35612,Eibar,Donostia/San Sebastian,-2.474254405186606,43.18335977785606,-1.977813438913866,43.32199908944669,43.1997782323138,-2.4616488769,43.2918111063554,-1.9885133578
35613,Eibar,Donostia/San Sebastian,-2.4703384328100766,43.18503664070799,-1.982823063437806,43.32092030089416,43.1997782323138,-2.4616488769,43.2918111063554,-1.9885133578
35614,Eibar,Donostia/San Sebastian,-2.468945303751469,43.18394454641116,-1.980611573797821,43.31701251133358,43.1997782323138,-2.4616488769,43.2918111063554,-1.9885133578
35615,Eibar,Donostia/San Sebastian,-2.473859134422788,43.18088720966425,-1.975623183724201,43.32299997096137,43.1997782323138,-2.4616488769,43.2918111063554,-1.9885133578
35616,Eibar,Donostia/San Sebastian,-2.4656579429222365,43.20970208256989,-1.9708928006064688,43.32352891417324,43.1997782323138,-2.4616488769,43.2918111063554,-1.9885133578
35617,Eibar,Donostia/San Sebastian,-2.464122302754528,43.18707182573393,-1.9821300456449436,43.30541691282832,43.1997782323138,-2.4616488769,43.2918111063554,-1.9885133578
35618,Eibar,Donostia/San Sebastian,-2.4664045769863985,43.189051391681886,-1.9811887464877724,43.30345092935061,43.1997782323138,-2.4616488769,43.2918111063554,-1.9885133578
35619,Eibar,Donostia/San Sebastian,-2.466894537306932,43.18750510161942,-1.981446003660807,43.28873902968032,43.1997782323138,-2.4616488769,43.2918111063554,-1.9885133578
35620,Eibar,Donostia/San Sebastian,-2.4717071034544764,43.18548691106087,-2.005969503673916,43.30602428822467,43.1997782323138,-2.4616488769,43.2918111063554,-1.9885133578
35621,Eibar,Donostia/San Sebastian,-2.475581287580069,43.18232052496892,-1.9802022699658208,43.31535793987791,43.1997782323138,-2.4616488769,43.2918111063554,-1.9885133578
35622,Eibar,Donostia/San Sebastian,-2.472025227640322,43.18427200498171,-1.9607517272720936,43.29789799195497,43.1997782323138,-2.4616488769,43.2918111063554,-1.9885133578
35623,Eibar,Donostia/San Sebastian,-2.473713157868276,43.18372804142911,-1.9530641532075703,43.29826675524316,43.1997782323138,-2.4616488769,43.2918111063554,-1.9885133578
35624,Eibar,Donostia/San Sebastian,-2.4766043450013906,43.18310118961679,-2.0112959432410373,43.30257403982839,43.1997782323138,-2.4616488769,43.2918111063554,-1.9885133578
35625,Eibar,Donostia/San Sebastian,-2.472506930208646,43.18610453776899,-2.0111135473341677,43.29546564137279,43.1997782323138,-2.4616488769,43.2918111063554,-1.9885133578
35626,Eibar,Donostia/San Sebastian,-2.4422169963244604,43.19698309825584,-1.972115513822615,43.326183317993646,43.1997782323138,-2.4616488769,43.2918111063554,-1.9885133578
35627,Eibar,Donostia/San Sebastian,-2.4515094233032246,43.18947289061333,-1.9395969127415549,43.32180259871275,43.1997782323138,-2.4616488769,43.2918111063554,-1.9885133578
35628,Eibar,Donostia/San Sebastian,-2.4655398051473,43.1864692048266,-1.9746885087334305,43.32515554504935,43.1997782323138,-2.4616488769,43.2918111063554,-1.9885133578
35629,Eibar,Donostia/San Sebastian,-2.468793916930929,43.18453065615502,-1.9804017714587807,43.30774841972279,43.1997782323138,-2.4616488769,43.2918111063554,-1.9885133578
35630,Eibar,Donostia/San Sebastian,-2.460296580363733,43.18798546887688,-1.9735819137681232,43.30137522972662,43.1997782323138,-2.4616488769,43.2918111063554,-1.9885133578
35631,Eibar,Donostia/San Sebastian,-2.453420845022864,43.18997599401419,-2.0111135473341677,43.29546564137279,43.1997782323138,-2.4616488769,43.2918111063554,-1.9885133578
35632,Eibar,Donostia/San Sebastian,-2.474213269169826,43.183051737657216,-1.9771762325311772,43.31861753262408,43.1997782323138,-2.4616488769,43.2918111063554,-1.9885133578
35633,Eibar,Donostia/San Sebastian,-2.4880707850126624,43.179517037472586,-1.977541907730529,43.32477129927342,43.1997782323138,-2.4616488769,43.2918111063554,-1.9885133578
35634,Eibar,Donostia/San Sebastian,-2.4835831162303674,43.18282886454784,-1.9579189878306733,43.3043672370242,43.1997782323138,-2.4616488769,43.2918111063554,-1.9885133578
35635,Eibar,Donostia/San Sebastian,-2.4674149116568405,43.18696957846808,-1.980669090873144,43.293465422322384,43.1997782323138,-2.4616488769,43.2918111063554,-1.9885133578
35636,Eibar,Donostia/San Sebastian,-2.46368609175151,43.18723982856032,-1.942836065560408,43.299662093449975,43.1997782323138,-2.4616488769,43.2918111063554,-1.9885133578
35637,Eibar,Donostia/San Sebastian,-2.474986808139988,43.18311656361273,-1.9786222658562016,43.29931549377592,43.1997782323138,-2.4616488769,43.2918111063554,-1.9885133578
35638,Eibar,Donostia/San Sebastian,-2.4715317178795653,43.18086598432375,-2.0217944842302824,43.303153081916896,43.1997782323138,-2.4616488769,43.2918111063554,-1.9885133578
35639,Eibar,Donostia/San Sebastian,-2.465379894669697,43.18583417327626,-2.008291564716936,43.30946811608114,43.1997782323138,-2.4616488769,43.2918111063554,-1.9885133578
35640,Eibar,Donostia/San Sebastian,-2.461794948288996,43.18211628096145,-2.00393652440058,43.301265624323854,43.1997782323138,-2.4616488769,43.2918111063554,-1.9885133578
35641,Eibar,Donostia/San Sebastian,-2.4494451732452376,43.20486936247694,-1.9537862356265427,43.3186409228373,43.1997782323138,-2.4616488769,43.2918111063554,-1.9885133578
35642,Eibar,Donostia/San Sebastian,-2.469531087153274,43.18525238202597,-1.98146841078862,43.32010425840202,43.1997782323138,-2.4616488769,43.2918111063554,-1.9885133578
35643,Eibar,Donostia/San Sebastian,-2.470550538395069,43.185850666151225,-2.00393652440058,43.301265624323854,43.1997782323138,-2.4616488769,43.2918111063554,-1.9885133578
35644,Eibar,Donostia/San Sebastian,-2.485832966788597,43.18139212005223,-2.0058123504127403,43.2781812068035,43.1997782323138,-2.4616488769,43.2918111063554,-1.9885133578
35645,Eibar,Donostia/San Sebastian,-2.4821021539059758,43.1839858973653,-1.9811004391681424,43.31799618497667,43.1997782323138,-2.4616488769,43.2918111063554,-1.9885133578
35646,Eibar,Donostia/San Sebastian,-2.4765508275615,43.18514295576109,-2.0221309030182355,43.26249163473732,43.1997782323138,-2.4616488769,43.2918111063554,-1.9885133578
35647,Eibar,Donostia/San Sebastian,-2.4646097370777245,43.1859226246871,-1.976040661600737,43.315800912999386,43.1997782323138,-2.4616488769,43.2918111063554,-1.9885133578
35648,Eibar,Donostia/San Sebastian,-2.472899664942118,43.18286419106976,-1.9837714651406333,43.31942965483235,43.1997782323138,-2.4616488769,43.2918111063554,-1.9885133578
35649,Eibar,Donostia/San Sebastian,-2.470383060845547,43.18575740842842,-1.98133151856265,43.32158151078621,43.1997782323138,-2.4616488769,43.2918111063554,-1.9885133578
35650,Eibar,Donostia/San Sebastian,-2.459269687073721,43.19773115352376,-1.9818388437819496,43.321987286978114,43.1997782323138,-2.4616488769,43.2918111063554,-1.9885133578
35651,Eibar,Donostia/San Sebastian,-2.4499149213435767,43.19321287207849,-1.9607517272720936,43.29789799195497,43.1997782323138,-2.4616488769,43.2918111063554,-1.9885133578
35652,Eibar,Donostia/San Sebastian,-2.4756289479664986,43.18380276318521,-1.9735819137681232,43.30137522972662,43.1997782323138,-2.4616488769,43.2918111063554,-1.9885133578
35653,Eibar,Donostia/San Sebastian,-2.474594594557699,43.180922306445815,-2.0104346685315826,43.30269052569965,43.1997782323138,-2.4616488769,43.2918111063554,-1.9885133578
35654,Eibar,Donostia/San Sebastian,-2.462275894084289,43.18573155594345,-1.983767596848932,43.30764733425517,43.1997782323138,-2.4616488769,43.2918111063554,-1.9885133578
35655,Eibar,Donostia/San Sebastian,-2.4607937961667914,43.188160085872376,-1.9735819137681232,43.30137522972662,43.1997782323138,-2.4616488769,43.2918111063554,-1.9885133578
35656,Eibar,Donostia/San Sebastian,-2.461821231923338,43.20596094617694,-1.970825544787505,43.310747681066246,43.1997782323138,-2.4616488769,43.2918111063554,-1.9885133578
35657,Eibar,Donostia/San Sebastian,-2.4666345606756384,43.185530345761656,-1.979444153575754,43.3201842627943,43.1997782323138,-2.4616488769,43.2918111063554,-1.9885133578
35658,Eibar,Donostia/San Sebastian,-2.4716750376000185,43.18200585132277,-2.007158930042551,43.30467218978245,43.1997782323138,-2.4616488769,43.2918111063554,-1.9885133578
35659,Eibar,Donostia/San Sebastian,-2.4653540484867427,43.18644608646439,-1.9819351193783807,43.31620847349063,43.1997782323138,-2.4616488769,43.2918111063554,-1.9885133578
35660,Eibar,Donostia/San Sebastian,-2.476129318235144,43.18521609115934,-2.0149897880028216,43.30089156192199,43.1997782323138,-2.4616488769,43.2918111063554,-1.9885133578
35661,Eibar,Donostia/San Sebastian,-2.4574633063952205,43.18641708624964,-2.008291564716936,43.30946811608114,43.1997782323138,-2.4616488769,43.2918111063554,-1.9885133578
35662,Eibar,Donostia/San Sebastian,-2.464122302754528,43.18707182573393,-2.0124530043366446,43.30248740476944,43.1997782323138,-2.4616488769,43.2918111063554,-1.9885133578
35663,Eibar,Donostia/San Sebastian,-2.471918637153699,43.18295802413593,-1.938847776298075,43.32273450737357,43.1997782323138,-2.4616488769,43.2918111063554,-1.9885133578
35664,Eibar,Donostia/San Sebastian,-2.471035804549642,43.1849089181761,-2.045696008826123,43.30442472907773,43.1997782323138,-2.4616488769,43.2918111063554,-1.9885133578
35665,Eibar,Donostia/San Sebastian,-2.4701389858745846,43.18504821245317,-2.0053762332870493,43.31243094678276,43.1997782323138,-2.4616488769,43.2918111063554,-1.9885133578
35666,Eibar,Donostia/San Sebastian,-2.459230782947463,43.18822311972071,-2.0180909484767864,43.30064775790038,43.1997782323138,-2.4616488769,43.2918111063554,-1.9885133578
35667,Eibar,Donostia/San Sebastian,-2.4686259976386515,43.18493819663008,-2.0215503070215526,43.30268534331122,43.1997782323138,-2.4616488769,43.2918111063554,-1.9885133578
35668,Eibar,Donostia/San Sebastian,-2.4621202604434127,43.18781247222508,-1.979599590217656,43.3191875929528,43.1997782323138,-2.4616488769,43.2918111063554,-1.9885133578
35669,Eibar,Donostia/San Sebastian,-2.473820546842078,43.19386736386562,-1.9815999889577065,43.30557238148563,43.1997782323138,-2.4616488769,43.2918111063554,-1.9885133578
35670,Eibar,Donostia/San Sebastian,-2.473488060436833,43.181385571823625,-1.9795712618394004,43.31697369693416,43.1997782323138,-2.4616488769,43.2918111063554,-1.9885133578
35671,Eibar,Donostia/San Sebastian,-2.4664413649124017,43.185947638205455,-1.9746885087334305,43.32515554504935,43.1997782323138,-2.4616488769,43.2918111063554,-1.9885133578
35672,Eibar,Donostia/San Sebastian,-2.4703384328100766,43.18503664070799,-1.9852361278574335,43.31589918482634,43.1997782323138,-2.4616488769,43.2918111063554,-1.9885133578
35673,Eibar,Donostia/San Sebastian,-2.4715967224265376,43.18251632131441,-1.9821817279900749,43.32248276965349,43.1997782323138,-2.4616488769,43.2918111063554,-1.9885133578
35674,Eibar,Donostia/San Sebastian,-2.4766043450013906,43.18310118961679,-2.045696008826123,43.30442472907773,43.1997782323138,-2.4616488769,43.2918111063554,-1.9885133578
35675,Eibar,Donostia/San Sebastian,-2.471523325422217,43.18151069450581,-2.0149897880028216,43.30089156192199,43.1997782323138,-2.4616488769,43.2918111063554,-1.9885133578
35676,Eibar,Donostia/San Sebastian,-2.475070528538053,43.18538626177279,-1.9803989703323213,43.32114212003555,43.1997782323138,-2.4616488769,43.2918111063554,-1.9885133578
35677,Eibar,Donostia/San Sebastian,-2.4746565978817734,43.1818091544739,-1.970825544787505,43.310747681066246,43.1997782323138,-2.4616488769,43.2918111063554,-1.9885133578
35678,Eibar,Donostia/San Sebastian,-2.4759874750010407,43.1854939618142,-1.9426525785670696,43.3022288348938,43.1997782323138,-2.4616488769,43.2918111063554,-1.9885133578
35679,Eibar,Donostia/San Sebastian,-2.470776490847062,43.18148928077642,-1.983767596848932,43.30764733425517,43.1997782323138,-2.4616488769,43.2918111063554,-1.9885133578
35680,Eibar,Donostia/San Sebastian,-2.4658918885811225,43.18603881919396,-1.974009883712493,43.3040519040674,43.1997782323138,-2.4616488769,43.2918111063554,-1.9885133578
35681,Eibar,Donostia/San Sebastian,-2.4697838703437447,43.18502646407149,-1.9708928006064688,43.32352891417324,43.1997782323138,-2.4616488769,43.2918111063554,-1.9885133578
35682,Eibar,Donostia/San Sebastian,-2.4853160698713688,43.18158071290221,-1.9803989703323213,43.32114212003555,43.1997782323138,-2.4616488769,43.2918111063554,-1.9885133578
35683,Eibar,Donostia/San Sebastian,-2.4773911998204867,43.18314131701684,-2.038235589103947,43.2968908996212,43.1997782323138,-2.4616488769,43.2918111063554,-1.9885133578
35684,Eibar,Donostia/San Sebastian,-2.465465157366016,43.18447691589599,-1.9613107577147733,43.31756602287343,43.1997782323138,-2.4616488769,43.2918111063554,-1.9885133578
35685,Eibar,Donostia/San Sebastian,-2.46588027502465,43.185728320575166,-1.9799266782782197,43.313677269352425,43.1997782323138,-2.4616488769,43.2918111063554,-1.9885133578
35686,Eibar,Donostia/San Sebastian,-2.468793916930929,43.18453065615502,-1.9854607070391828,43.29478477300857,43.1997782323138,-2.4616488769,43.2918111063554,-1.9885133578
35687,Eibar,Donostia/San Sebastian,-2.477869229289821,43.18315557761619,-1.9826720468211607,43.31906573676353,43.1997782323138,-2.4616488769,43.2918111063554,-1.9885133578
35688,Eibar,Donostia/San Sebastian,-2.460383887708171,43.189136734879824,-1.9713383000891065,43.32594741820289,43.1997782323138,-2.4616488769,43.2918111063554,-1.9885133578
35689,Eibar,Donostia/San Sebastian,-2.471503035407593,43.18349367030869,-2.0227844544967186,43.30172961653104,43.1997782323138,-2.4616488769,43.2918111063554,-1.9885133578
35690,Eibar,Donostia/San Sebastian,-2.483595907484033,43.18249350466041,-1.9724801234028315,43.32269768388036,43.1997782323138,-2.4616488769,43.2918111063554,-1.9885133578
35691,Eibar,Donostia/San Sebastian,-2.483950014161275,43.18291151628362,-2.0056499030518475,43.31125304306736,43.1997782323138,-2.4616488769,43.2918111063554,-1.9885133578
35692,Eibar,Donostia/San Sebastian,-2.471703097373004,43.18494325456815,-2.005162965306172,43.29676386431984,43.1997782323138,-2.4616488769,43.2918111063554,-1.9885133578
35693,Eibar,Donostia/San Sebastian,-2.465379894669697,43.18583417327626,-2.0053762332870493,43.31243094678276,43.1997782323138,-2.4616488769,43.2918111063554,-1.9885133578
35694,Eibar,Donostia/San Sebastian,-2.471534434050345,43.18649956270968,-1.983209923608871,43.31940251088014,43.1997782323138,-2.4616488769,43.2918111063554,-1.9885133578
35695,Eibar,Donostia/San Sebastian,-2.467099993355605,43.18710207658413,-1.9953026378866885,43.30505281969072,43.1997782323138,-2.4616488769,43.2918111063554,-1.9885133578
35696,Eibar,Donostia/San Sebastian,-2.47407245736187,43.18402910730045,-2.0187082026811427,43.30054048151917,43.1997782323138,-2.4616488769,43.2918111063554,-1.9885133578
35697,Eibar,Donostia/San Sebastian,-2.4706791241144743,43.1808559743376,-1.9800999052873212,43.31619522332479,43.1997782323138,-2.4616488769,43.2918111063554,-1.9885133578
35698,Eibar,Donostia/San Sebastian,-2.478291145490799,43.18288099071688,-1.971582923951059,43.32405509582964,43.1997782323138,-2.4616488769,43.2918111063554,-1.9885133578
35699,Eibar,Donostia/San Sebastian,-2.4713345048139543,43.183567749867386,-2.0053762332870493,43.31243094678276,43.1997782323138,-2.4616488769,43.2918111063554,-1.9885133578
35700,Eibar,Donostia/San Sebastian,-2.4772747063344727,43.183450501038095,-1.982660308038089,43.32016936577685,43.1997782323138,-2.4616488769,43.2918111063554,-1.9885133578
35701,Eibar,Donostia/San Sebastian,-2.4686668550212527,43.18568267048143,-1.9802984155413808,43.30634261383516,43.1997782323138,-2.4616488769,43.2918111063554,-1.9885133578
35702,Eibar,Donostia/San Sebastian,-2.4765430639194417,43.18247371528296,-1.9613107577147733,43.31756602287343,43.1997782323138,-2.4616488769,43.2918111063554,-1.9885133578
35703,Eibar,Donostia/San Sebastian,-2.4880707850126624,43.179517037472586,-1.9753075955305812,43.31920242528496,43.1997782323138,-2.4616488769,43.2918111063554,-1.9885133578
35704,Eibar,Donostia/San Sebastian,-2.477869229289821,43.18315557761619,-1.979444153575754,43.3201842627943,43.1997782323138,-2.4616488769,43.2918111063554,-1.9885133578
35705,Eibar,Donostia/San Sebastian,-2.466059763131371,43.18515855909791,-1.9821817279900749,43.32248276965349,43.1997782323138,-2.4616488769,43.2918111063554,-1.9885133578
35706,Eibar,Donostia/San Sebastian,-2.462071464007537,43.1857263155829,-1.9753075955305812,43.31920242528496,43.1997782323138,-2.4616488769,43.2918111063554,-1.9885133578
35707,Eibar,Donostia/San Sebastian,-2.4766043450013906,43.18310118961679,-1.9364863900732368,43.31878428254336,43.1997782323138,-2.4616488769,43.2918111063554,-1.9885133578
35708,Eibar,Donostia/San Sebastian,-2.469401500695507,43.18152058550114,-1.983300623466072,43.31645019688766,43.1997782323138,-2.4616488769,43.2918111063554,-1.9885133578
35709,Eibar,Donostia/San Sebastian,-2.476073445793249,43.18318513200648,-1.981145403899501,43.32134539038609,43.1997782323138,-2.4616488769,43.2918111063554,-1.9885133578
35710,Eibar,Donostia/San Sebastian,-2.462443555494503,43.187756862265175,-1.9387529674986923,43.3144780717479,43.1997782323138,-2.4616488769,43.2918111063554,-1.9885133578
35711,Eibar,Donostia/San Sebastian,-2.470819809506582,43.181863389371856,-1.9821300456449436,43.30541691282832,43.1997782323138,-2.4616488769,43.2918111063554,-1.9885133578
35712,Eibar,Donostia/San Sebastian,-2.475076405914561,43.18214794912159,-1.98330349084467,43.321060239364485,43.1997782323138,-2.4616488769,43.2918111063554,-1.9885133578
35713,Eibar,Donostia/San Sebastian,-2.4706836554887253,43.18497804014992,-1.944728995951136,43.299159801907216,43.1997782323138,-2.4616488769,43.2918111063554,-1.9885133578
35714,Eibar,Donostia/San Sebastian,-2.478401484728368,43.183125870225965,-1.9808166809906949,43.30777631394223,43.1997782323138,-2.4616488769,43.2918111063554,-1.9885133578
35715,Eibar,Donostia/San Sebastian,-2.472506930208646,43.18610453776899,-1.992436225140203,43.31184227377728,43.1997782323138,-2.4616488769,43.2918111063554,-1.9885133578
35716,Eibar,Donostia/San Sebastian,-2.481080088977537,43.18542307824197,-1.9831966362264637,43.31998623840259,43.1997782323138,-2.4616488769,43.2918111063554,-1.9885133578
35717,Eibar,Donostia/San Sebastian,-2.466722909513817,43.187381310089904,-1.9735819137681232,43.30137522972662,43.1997782323138,-2.4616488769,43.2918111063554,-1.9885133578
35718,Eibar,Donostia/San Sebastian,-2.474149211823255,43.18350155933122,-1.9386558398904643,43.31389425051493,43.1997782323138,-2.4616488769,43.2918111063554,-1.9885133578
35719,Eibar,Donostia/San Sebastian,-2.4636449078306986,43.18672586717752,-1.9857113025378628,43.32142272360151,43.1997782323138,-2.4616488769,43.2918111063554,-1.9885133578
35720,Eibar,Donostia/San Sebastian,-2.4715811530589016,43.18411149717323,-1.980418364922578,43.317140335217445,43.1997782323138,-2.4616488769,43.2918111063554,-1.9885133578
35721,Eibar,Donostia/San Sebastian,-2.46512548764645,43.1860542741815,-2.009288314692556,43.30320784149853,43.1997782323138,-2.4616488769,43.2918111063554,-1.9885133578
35722,Eibar,Donostia/San Sebastian,-2.464122302754528,43.18707182573393,-1.970807976733752,43.32302408498184,43.1997782323138,-2.4616488769,43.2918111063554,-1.9885133578
35723,Eibar,Donostia/San Sebastian,-2.4756289479664986,43.18380276318521,-1.975762721144125,43.32219285681995,43.1997782323138,-2.4616488769,43.2918111063554,-1.9885133578
35724,Eibar,Donostia/San Sebastian,-2.452104900005399,43.19070665254719,-2.00393652440058,43.301265624323854,43.1997782323138,-2.4616488769,43.2918111063554,-1.9885133578
35725,Eibar,Donostia/San Sebastian,-2.474986808139988,43.18311656361273,-1.9821346664089887,43.32216632860204,43.1997782323138,-2.4616488769,43.2918111063554,-1.9885133578
35726,Eibar,Donostia/San Sebastian,-2.4714810360277344,43.18313448192895,-1.956025484450374,43.3026850581063,43.1997782323138,-2.4616488769,43.2918111063554,-1.9885133578
35727,Eibar,Donostia/San Sebastian,-2.476404268149875,43.18294916799777,-2.009770072898406,43.296695935274464,43.1997782323138,-2.4616488769,43.2918111063554,-1.9885133578
35728,Eibar,Donostia/San Sebastian,-2.4674682999320776,43.1853851947496,-1.9801647376001736,43.30861767979669,43.1997782323138,-2.4616488769,43.2918111063554,-1.9885133578
35729,Eibar,Donostia/San Sebastian,-2.4658918885811225,43.18603881919396,-1.9820400680577497,43.30495103656287,43.1997782323138,-2.4616488769,43.2918111063554,-1.9885133578
35730,Eibar,Donostia/San Sebastian,-2.4655398051473,43.1864692048266,-1.975470005150292,43.324497070905046,43.1997782323138,-2.4616488769,43.2918111063554,-1.9885133578
35731,Eibar,Donostia/San Sebastian,-2.4715967224265376,43.18251632131441,-1.979769183442504,43.32007190468543,43.1997782323138,-2.4616488769,43.2918111063554,-1.9885133578
35732,Eibar,Donostia/San Sebastian,-2.464122302754528,43.18707182573393,-1.9814359925649083,43.32031125710358,43.1997782323138,-2.4616488769,43.2918111063554,-1.9885133578
35733,Eibar,Donostia/San Sebastian,-2.4683421207851937,43.17956142413763,-1.9613107577147733,43.31756602287343,43.1997782323138,-2.4616488769,43.2918111063554,-1.9885133578
35734,Eibar,Donostia/San Sebastian,-2.4831727621356188,43.18380421092952,-1.9826227208502556,43.31636294722959,43.1997782323138,-2.4616488769,43.2918111063554,-1.9885133578
35735,Eibar,Donostia/San Sebastian,-2.470579816789454,43.18255686507845,-1.981392980416979,43.30451061841673,43.1997782323138,-2.4616488769,43.2918111063554,-1.9885133578
35736,Eibar,Donostia/San Sebastian,-2.473378003858173,43.18544069919092,-2.011110644823422,43.27897153764268,43.1997782323138,-2.4616488769,43.2918111063554,-1.9885133578
35737,Eibar,Donostia/San Sebastian,-2.483657708601888,43.18398753531557,-1.972276004540283,43.32279001130191,43.1997782323138,-2.4616488769,43.2918111063554,-1.9885133578
35738,Eibar,Donostia/San Sebastian,-2.4765508275615,43.18514295576109,-1.9543294353824885,43.29753012497963,43.1997782323138,-2.4616488769,43.2918111063554,-1.9885133578
35739,Eibar,Donostia/San Sebastian,-2.474594594557699,43.180922306445815,-1.9852337561867135,43.28653928329058,43.1997782323138,-2.4616488769,43.2918111063554,-1.9885133578
35740,Eibar,Donostia/San Sebastian,-2.4699589304616016,43.185034678650936,-1.9405113382934445,43.32095825342144,43.1997782323138,-2.4616488769,43.2918111063554,-1.9885133578
35741,Eibar,Donostia/San Sebastian,-2.4766043450013906,43.18310118961679,-2.008455997697611,43.30783074287743,43.1997782323138,-2.4616488769,43.2918111063554,-1.9885133578
35742,Eibar,Donostia/San Sebastian,-2.485268986814648,43.2167128366985,-1.98074742136928,43.312789235235655,43.1997782323138,-2.4616488769,43.2918111063554,-1.9885133578
35743,Eibar,Donostia/San Sebastian,-2.4835831162303674,43.18282886454784,-1.98049682338321,43.30810488838949,43.1997782323138,-2.4616488769,43.2918111063554,-1.9885133578
35744,Eibar,Donostia/San Sebastian,-2.466789093518841,43.18559158525092,-1.986475171171733,43.315205026944426,43.1997782323138,-2.4616488769,43.2918111063554,-1.9885133578
35745,Eibar,Donostia/San Sebastian,-2.47407245736187,43.18402910730045,-2.045696008826123,43.30442472907773,43.1997782323138,-2.4616488769,43.2918111063554,-1.9885133578
35746,Eibar,Donostia/San Sebastian,-2.4754627719388185,43.18282318654955,-1.983209923608871,43.31940251088014,43.1997782323138,-2.4616488769,43.2918111063554,-1.9885133578
35747,Eibar,Donostia/San Sebastian,-2.478234450302098,43.18258925024393,-1.9739604949332876,43.32231002612151,43.1997782323138,-2.4616488769,43.2918111063554,-1.9885133578
35748,Eibar,Donostia/San Sebastian,-2.4709080645631043,43.18659919832127,-2.0138626159478634,43.28004853371788,43.1997782323138,-2.4616488769,43.2918111063554,-1.9885133578
35749,Eibar,Donostia/San Sebastian,-2.462202479412565,43.187283932725705,-1.9814146122230305,43.31232280060602,43.1997782323138,-2.4616488769,43.2918111063554,-1.9885133578
35750,Eibar,Donostia/San Sebastian,-2.480960161502799,43.18575880338836,-1.9420355498737796,43.32099820422494,43.1997782323138,-2.4616488769,43.2918111063554,-1.9885133578
35751,Eibar,Donostia/San Sebastian,-2.4737917769957947,43.18151707289548,-1.992436225140203,43.31184227377728,43.1997782323138,-2.4616488769,43.2918111063554,-1.9885133578
35752,Eibar,Donostia/San Sebastian,-2.4708209629298863,43.18348623900307,-1.941269928528638,43.32036917027051,43.1997782323138,-2.4616488769,43.2918111063554,-1.9885133578
35753,Eibar,Donostia/San Sebastian,-2.483950014161275,43.18291151628362,-2.0192915213707465,43.30694582817743,43.1997782323138,-2.4616488769,43.2918111063554,-1.9885133578
35754,Eibar,Donostia/San Sebastian,-2.481213020201648,43.18430231763717,-2.0149897880028216,43.30089156192199,43.1997782323138,-2.4616488769,43.2918111063554,-1.9885133578
35755,Eibar,Donostia/San Sebastian,-2.4712969753204184,43.18429172910922,-2.0104346685315826,43.30269052569965,43.1997782323138,-2.4616488769,43.2918111063554,-1.9885133578
35756,Eibar,Donostia/San Sebastian,-2.469598555967389,43.18619823716671,-1.9812604165499867,43.31822351481572,43.1997782323138,-2.4616488769,43.2918111063554,-1.9885133578
35757,Eibar,Donostia/San Sebastian,-2.462416647903244,43.18713495532637,-2.045696008826123,43.30442472907773,43.1997782323138,-2.4616488769,43.2918111063554,-1.9885133578
35758,Eibar,Donostia/San Sebastian,-2.471683569463845,43.18453766086743,-1.9638624858723968,43.316340574446855,43.1997782323138,-2.4616488769,43.2918111063554,-1.9885133578
35759,Eibar,Donostia/San Sebastian,-2.466589875276623,43.18761021303123,-1.98146841078862,43.32010425840202,43.1997782323138,-2.4616488769,43.2918111063554,-1.9885133578
35760,Eibar,Donostia/San Sebastian,-2.473488060436833,43.181385571823625,-2.00741718106253,43.31138144723927,43.1997782323138,-2.4616488769,43.2918111063554,-1.9885133578
35761,Eibar,Donostia/San Sebastian,-2.457173644463194,43.1893093713656,-2.0138626159478634,43.28004853371788,43.1997782323138,-2.4616488769,43.2918111063554,-1.9885133578
35762,Eibar,Donostia/San Sebastian,-2.471097395198401,43.18393493117348,-2.038235589103947,43.2968908996212,43.1997782323138,-2.4616488769,43.2918111063554,-1.9885133578
35763,Eibar,Donostia/San Sebastian,-2.468106495362668,43.18662836257878,-2.0035716471093403,43.30088455496067,43.1997782323138,-2.4616488769,43.2918111063554,-1.9885133578
35764,Eibar,Donostia/San Sebastian,-2.473713157868276,43.18372804142911,-1.9750593026028225,43.32419722202344,43.1997782323138,-2.4616488769,43.2918111063554,-1.9885133578
35765,Eibar,Donostia/San Sebastian,-2.471540394538831,43.18186764959576,-1.980285412502013,43.30936299255259,43.1997782323138,-2.4616488769,43.2918111063554,-1.9885133578
35766,Eibar,Donostia/San Sebastian,-2.4666345606756384,43.185530345761656,-1.9684362587127104,43.317607527482814,43.1997782323138,-2.4616488769,43.2918111063554,-1.9885133578
35767,Eibar,Donostia/San Sebastian,-2.47600889811769,43.18501840398132,-1.9731152073385323,43.32342568586458,43.1997782323138,-2.4616488769,43.2918111063554,-1.9885133578
35768,Eibar,Donostia/San Sebastian,-2.4740705635404048,43.18369752135746,-1.983675670196772,43.31782213872202,43.1997782323138,-2.4616488769,43.2918111063554,-1.9885133578
35769,Eibar,Donostia/San Sebastian,-2.4685466896569737,43.18350108528712,-1.9854375892009333,43.28756727631793,43.1997782323138,-2.4616488769,43.2918111063554,-1.9885133578
35770,Eibar,Donostia/San Sebastian,-2.475230407541791,43.18360932545439,-1.9805559095872944,43.32051570184972,43.1997782323138,-2.4616488769,43.2918111063554,-1.9885133578
35771,Eibar,Donostia/San Sebastian,-2.4686668550212527,43.18568267048143,-1.9934124995282096,43.30617338390527,43.1997782323138,-2.4616488769,43.2918111063554,-1.9885133578
35772,Eibar,Donostia/San Sebastian,-2.4655398051473,43.1864692048266,-2.00741718106253,43.31138144723927,43.1997782323138,-2.4616488769,43.2918111063554,-1.9885133578
35773,Eibar,Donostia/San Sebastian,-2.469317483123965,43.1852561437224,-1.972415459955032,43.311540507682366,43.1997782323138,-2.4616488769,43.2918111063554,-1.9885133578
35774,Eibar,Donostia/San Sebastian,-2.46755253271292,43.18715100074851,-1.9843288232112373,43.31960705120699,43.1997782323138,-2.4616488769,43.2918111063554,-1.9885133578
35775,Eibar,Donostia/San Sebastian,-2.469087629493274,43.1857515731223,-1.979444153575754,43.3201842627943,43.1997782323138,-2.4616488769,43.2918111063554,-1.9885133578
35776,Eibar,Donostia/San Sebastian,-2.46368609175151,43.18723982856032,-1.9824824908242225,43.3154000386697,43.1997782323138,-2.4616488769,43.2918111063554,-1.9885133578
35777,Eibar,Donostia/San Sebastian,-2.4681253448091627,43.18561779897453,-1.9778464551879664,43.303902717965336,43.1997782323138,-2.4616488769,43.2918111063554,-1.9885133578
35778,Eibar,Donostia/San Sebastian,-2.472254157849606,43.18198656057076,-1.9843288232112373,43.31960705120699,43.1997782323138,-2.4616488769,43.2918111063554,-1.9885133578
35779,Eibar,Donostia/San Sebastian,-2.4620101718337546,43.18312205215384,-2.045696008826123,43.30442472907773,43.1997782323138,-2.4616488769,43.2918111063554,-1.9885133578
35780,Eibar,Donostia/San Sebastian,-2.4566470647764507,43.18943130886004,-2.0058899472949894,43.29721869218376,43.1997782323138,-2.4616488769,43.2918111063554,-1.9885133578
35781,Eibar,Donostia/San Sebastian,-2.4759802903184465,43.18520290900191,-1.9778464551879664,43.303902717965336,43.1997782323138,-2.4616488769,43.2918111063554,-1.9885133578
35782,Eibar,Donostia/San Sebastian,-2.47407245736187,43.18402910730045,-1.9890947521499884,43.31483045938288,43.1997782323138,-2.4616488769,43.2918111063554,-1.9885133578
35783,Eibar,Donostia/San Sebastian,-2.481629377605847,43.185967576319705,-2.004196389343816,43.29801688045973,43.1997782323138,-2.4616488769,43.2918111063554,-1.9885133578
35784,Eibar,Donostia/San Sebastian,-2.464122302754528,43.18707182573393,-1.975318844306095,43.32232966520623,43.1997782323138,-2.4616488769,43.2918111063554,-1.9885133578
35785,Eibar,Donostia/San Sebastian,-2.469452766983252,43.18480582135931,-1.938720674370101,43.315978333689046,43.1997782323138,-2.4616488769,43.2918111063554,-1.9885133578
35786,Eibar,Donostia/San Sebastian,-2.468945303751469,43.18394454641116,-1.9766743817606225,43.3225399495506,43.1997782323138,-2.4616488769,43.2918111063554,-1.9885133578
35787,Eibar,Donostia/San Sebastian,-2.471908573338363,43.18477174348045,-1.941269928528638,43.32036917027051,43.1997782323138,-2.4616488769,43.2918111063554,-1.9885133578
35788,Eibar,Donostia/San Sebastian,-2.476118386561672,43.18287983585654,-1.9708825965799777,43.30570455071848,43.1997782323138,-2.4616488769,43.2918111063554,-1.9885133578
35789,Eibar,Donostia/San Sebastian,-2.4699697382950694,43.18472929945102,-1.9776444860661304,43.32177179615022,43.1997782323138,-2.4616488769,43.2918111063554,-1.9885133578
35790,Eibar,Donostia/San Sebastian,-2.478291145490799,43.18288099071688,-1.9386304441562727,43.313748493537496,43.1997782323138,-2.4616488769,43.2918111063554,-1.9885133578
35791,Eibar,Donostia/San Sebastian,-2.4696852817167434,43.185514591052026,-1.973874917762113,43.3233081026155,43.1997782323138,-2.4616488769,43.2918111063554,-1.9885133578
35792,Eibar,Donostia/San Sebastian,-2.4395852197141803,43.20199384445691,-1.9779507148689768,43.32220878890882,43.1997782323138,-2.4616488769,43.2918111063554,-1.9885133578
35793,Eibar,Donostia/San Sebastian,-2.4759874750010407,43.1854939618142,-1.939176393421523,43.3136589174737,43.1997782323138,-2.4616488769,43.2918111063554,-1.9885133578
35794,Eibar,Donostia/San Sebastian,-2.4692744975518184,43.18623086057041,-1.975318844306095,43.32232966520623,43.1997782323138,-2.4616488769,43.2918111063554,-1.9885133578
35795,Eibar,Donostia/San Sebastian,-2.474807702131803,43.18498305399947,-1.980897263064132,43.319593951281874,43.1997782323138,-2.4616488769,43.2918111063554,-1.9885133578
35796,Eibar,Donostia/San Sebastian,-2.4699242102484877,43.18572112683217,-1.9971300158271277,43.28538412294351,43.1997782323138,-2.4616488769,43.2918111063554,-1.9885133578
35797,Eibar,Donostia/San Sebastian,-2.464122302754528,43.18707182573393,-1.973567075795597,43.30671858158889,43.1997782323138,-2.4616488769,43.2918111063554,-1.9885133578
35798,Eibar,Donostia/San Sebastian,-2.478291145490799,43.18288099071688,-1.9537862356265427,43.3186409228373,43.1997782323138,-2.4616488769,43.2918111063554,-1.9885133578
35799,Eibar,Donostia/San Sebastian,-2.471225999242089,43.18080907629172,-1.938847776298075,43.32273450737357,43.1997782323138,-2.4616488769,43.2918111063554,-1.9885133578
35800,Eibar,Donostia/San Sebastian,-2.4703384328100766,43.18503664070799,-1.992436225140203,43.31184227377728,43.1997782323138,-2.4616488769,43.2918111063554,-1.9885133578
35801,Eibar,Donostia/San Sebastian,-2.472374208023469,43.18508036750635,-2.0053762332870493,43.31243094678276,43.1997782323138,-2.4616488769,43.2918111063554,-1.9885133578
35802,Eibar,Donostia/San Sebastian,-2.4636449078306986,43.18672586717752,-1.9803989703323213,43.32114212003555,43.1997782323138,-2.4616488769,43.2918111063554,-1.9885133578
35803,Eibar,Donostia/San Sebastian,-2.465465157366016,43.18447691589599,-1.9998045798760435,43.30324569549639,43.1997782323138,-2.4616488769,43.2918111063554,-1.9885133578
35804,Eibar,Donostia/San Sebastian,-2.459230782947463,43.18822311972071,-2.002672082401317,43.30445424599783,43.1997782323138,-2.4616488769,43.2918111063554,-1.9885133578
35805,Eibar,Donostia/San Sebastian,-2.4774910102156555,43.18462223681343,-1.975764303929041,43.30812914646406,43.1997782323138,-2.4616488769,43.2918111063554,-1.9885133578
35806,Eibar,Donostia/San Sebastian,-2.472582310913506,43.18463488597261,-1.9771360174929364,43.322079828587206,43.1997782323138,-2.4616488769,43.2918111063554,-1.9885133578
35807,Eibar,Donostia/San Sebastian,-2.461169549517599,43.188363069679625,-1.98411232007492,43.316842717350845,43.1997782323138,-2.4616488769,43.2918111063554,-1.9885133578
35808,Eibar,Donostia/San Sebastian,-2.4719803311320447,43.18531924154632,-1.9808236347289236,43.30447018461625,43.1997782323138,-2.4616488769,43.2918111063554,-1.9885133578
35809,Eibar,Donostia/San Sebastian,-2.454145076601336,43.18966467113162,-2.013073227158182,43.30216333460127,43.1997782323138,-2.4616488769,43.2918111063554,-1.9885133578
35810,Eibar,Donostia/San Sebastian,-2.4667979026504425,43.18599372020848,-1.9827209004358664,43.31598011013047,43.1997782323138,-2.4616488769,43.2918111063554,-1.9885133578
35811,Eibar,Donostia/San Sebastian,-2.4695543093966448,43.18397717528591,-1.9687866315279248,43.32356584286253,43.1997782323138,-2.4616488769,43.2918111063554,-1.9885133578
35812,Eibar,Donostia/San Sebastian,-2.475646814148037,43.1831070668309,-1.9861472886815663,43.28724976127554,43.1997782323138,-2.4616488769,43.2918111063554,-1.9885133578
35813,Eibar,Donostia/San Sebastian,-2.4880707850126624,43.179517037472586,-2.0085308985753016,43.31081820702384,43.1997782323138,-2.4616488769,43.2918111063554,-1.9885133578
35814,Eibar,Donostia/San Sebastian,-2.4742939645766118,43.18481937116045,-1.9971300158271277,43.28538412294351,43.1997782323138,-2.4616488769,43.2918111063554,-1.9885133578
35815,Eibar,Donostia/San Sebastian,-2.470327894350288,43.18268150141026,-1.980669090873144,43.293465422322384,43.1997782323138,-2.4616488769,43.2918111063554,-1.9885133578
35816,Eibar,Donostia/San Sebastian,-2.4619825186041147,43.18428145806912,-2.0192915213707465,43.30694582817743,43.1997782323138,-2.4616488769,43.2918111063554,-1.9885133578
35817,Eibar,Donostia/San Sebastian,-2.4631205869798074,43.18708444031901,-1.978027191355216,43.31269498460613,43.1997782323138,-2.4616488769,43.2918111063554,-1.9885133578
35818,Eibar,Donostia/San Sebastian,-2.4692461438295474,43.18402607475713,-2.0149897880028216,43.30089156192199,43.1997782323138,-2.4616488769,43.2918111063554,-1.9885133578
35819,Eibar,Donostia/San Sebastian,-2.470579816789454,43.18255686507845,-1.97687479891574,43.32243788931392,43.1997782323138,-2.4616488769,43.2918111063554,-1.9885133578
35820,Eibar,Donostia/San Sebastian,-2.4668108522692087,43.18495981809348,-2.0056499030518475,43.31125304306736,43.1997782323138,-2.4616488769,43.2918111063554,-1.9885133578
35821,Eibar,Donostia/San Sebastian,-2.467801574695001,43.18623793263736,-1.9638624858723968,43.316340574446855,43.1997782323138,-2.4616488769,43.2918111063554,-1.9885133578
35822,Eibar,Donostia/San Sebastian,-2.466872566029996,43.18584697842238,-2.0172550276343237,43.30085170898612,43.1997782323138,-2.4616488769,43.2918111063554,-1.9885133578
35823,Eibar,Donostia/San Sebastian,-2.479605681622441,43.18560143635679,-1.9971300158271277,43.28538412294351,43.1997782323138,-2.4616488769,43.2918111063554,-1.9885133578
35824,Eibar,Donostia/San Sebastian,-2.471176127816873,43.18363724916264,-2.008455997697611,43.30783074287743,43.1997782323138,-2.4616488769,43.2918111063554,-1.9885133578
35825,Eibar,Donostia/San Sebastian,-2.470364240257993,43.18224195718638,-2.0215503070215526,43.30268534331122,43.1997782323138,-2.4616488769,43.2918111063554,-1.9885133578
35826,Eibar,Donostia/San Sebastian,-2.467026194232363,43.18556819227488,-2.045696008826123,43.30442472907773,43.1997782323138,-2.4616488769,43.2918111063554,-1.9885133578
35827,Eibar,Donostia/San Sebastian,-2.4709536771082097,43.18075262620464,-2.021467486052784,43.304150081185206,43.1997782323138,-2.4616488769,43.2918111063554,-1.9885133578
35828,Eibar,Donostia/San Sebastian,-2.472697394711252,43.185196522164055,-1.9843288232112373,43.31960705120699,43.1997782323138,-2.4616488769,43.2918111063554,-1.9885133578
35829,Eibar,Donostia/San Sebastian,-2.478234450302098,43.18258925024393,-2.000539720155062,43.28548877199637,43.1997782323138,-2.4616488769,43.2918111063554,-1.9885133578
35830,Eibar,Donostia/San Sebastian,-2.466318582117,43.186482301482464,-1.9792554353496796,43.3041049863352,43.1997782323138,-2.4616488769,43.2918111063554,-1.9885133578
35831,Eibar,Donostia/San Sebastian,-2.4687976328742223,43.183610361262026,-1.9638624858723968,43.316340574446855,43.1997782323138,-2.4616488769,43.2918111063554,-1.9885133578
35832,Eibar,Donostia/San Sebastian,-2.483749362939184,43.18099619152607,-1.980897263064132,43.319593951281874,43.1997782323138,-2.4616488769,43.2918111063554,-1.9885133578
35833,Eibar,Donostia/San Sebastian,-2.4757469086787736,43.18342838802452,-1.9744084741550227,43.325297381831646,43.1997782323138,-2.4616488769,43.2918111063554,-1.9885133578
35834,Eibar,Donostia/San Sebastian,-2.471787734991013,43.182746163663545,-1.9832389318439467,43.31870171407005,43.1997782323138,-2.4616488769,43.2918111063554,-1.9885133578
35835,Eibar,Donostia/San Sebastian,-2.46368609175151,43.18723982856032,-1.9638624858723968,43.316340574446855,43.1997782323138,-2.4616488769,43.2918111063554,-1.9885133578
35836,Eibar,Donostia/San Sebastian,-2.471808359278532,43.18486176360018,-1.983767596848932,43.30764733425517,43.1997782323138,-2.4616488769,43.2918111063554,-1.9885133578
35837,Eibar,Donostia/San Sebastian,-2.4672425390461994,43.18554433883549,-1.996623603196344,43.29081042738886,43.1997782323138,-2.4616488769,43.2918111063554,-1.9885133578
35838,Eibar,Donostia/San Sebastian,-2.461881308692626,43.18251247355521,-1.979182645301607,43.3082237146822,43.1997782323138,-2.4616488769,43.2918111063554,-1.9885133578
35839,Eibar,Donostia/San Sebastian,-2.483216115448423,43.18269963238215,-1.9405113382934445,43.32095825342144,43.1997782323138,-2.4616488769,43.2918111063554,-1.9885133578
35840,Eibar,Donostia/San Sebastian,-2.457727380967064,43.18661014369644,-1.9857113025378628,43.32142272360151,43.1997782323138,-2.4616488769,43.2918111063554,-1.9885133578
35841,Eibar,Donostia/San Sebastian,-2.474246165586699,43.183202079736,-2.0041896402963304,43.312480553335725,43.1997782323138,-2.4616488769,43.2918111063554,-1.9885133578
35842,Eibar,Donostia/San Sebastian,-2.472697394711252,43.185196522164055,-1.9793479097289697,43.31955180227732,43.1997782323138,-2.4616488769,43.2918111063554,-1.9885133578
35843,Eibar,Donostia/San Sebastian,-2.452104900005399,43.19070665254719,-1.977960849495072,43.31334614770932,43.1997782323138,-2.4616488769,43.2918111063554,-1.9885133578
35844,Eibar,Donostia/San Sebastian,-2.4513969653776027,43.188685011238746,-1.9753075955305812,43.31920242528496,43.1997782323138,-2.4616488769,43.2918111063554,-1.9885133578
35845,Eibar,Donostia/San Sebastian,-2.4624001601889662,43.18604506195192,-1.9805559095872944,43.32051570184972,43.1997782323138,-2.4616488769,43.2918111063554,-1.9885133578
35846,Eibar,Donostia/San Sebastian,-2.477869229289821,43.18315557761619,-1.9607517272720936,43.29789799195497,43.1997782323138,-2.4616488769,43.2918111063554,-1.9885133578
35847,Eibar,Donostia/San Sebastian,-2.45399455636006,43.17490946019791,-1.992436225140203,43.31184227377728,43.1997782323138,-2.4616488769,43.2918111063554,-1.9885133578
35848,Eibar,Donostia/San Sebastian,-2.4716750376000185,43.18200585132277,-2.012861178733847,43.28131023861707,43.1997782323138,-2.4616488769,43.2918111063554,-1.9885133578
35849,Eibar,Donostia/San Sebastian,-2.476483876295259,43.18462649426365,-2.005097717101813,43.29750263343926,43.1997782323138,-2.4616488769,43.2918111063554,-1.9885133578
35850,Eibar,Donostia/San Sebastian,-2.4703384328100766,43.18503664070799,-1.9802777386636292,43.2916327580005,43.1997782323138,-2.4616488769,43.2918111063554,-1.9885133578
35851,Eibar,Donostia/San Sebastian,-2.473315767959946,43.18180908038232,-1.9517152149955264,43.30200461751709,43.1997782323138,-2.4616488769,43.2918111063554,-1.9885133578
35852,Eibar,Donostia/San Sebastian,-2.474246165586699,43.183202079736,-1.983982918398552,43.31631765765595,43.1997782323138,-2.4616488769,43.2918111063554,-1.9885133578
35853,Eibar,Donostia/San Sebastian,-2.482056875103772,43.18495392426437,-2.0227844544967186,43.30172961653104,43.1997782323138,-2.4616488769,43.2918111063554,-1.9885133578
35854,Eibar,Donostia/San Sebastian,-2.464122302754528,43.18707182573393,-1.9613107577147733,43.31756602287343,43.1997782323138,-2.4616488769,43.2918111063554,-1.9885133578
35855,Eibar,Donostia/San Sebastian,-2.466589875276623,43.18761021303123,-1.9753075955305812,43.31920242528496,43.1997782323138,-2.4616488769,43.2918111063554,-1.9885133578
35856,Eibar,Donostia/San Sebastian,-2.4619887116791914,43.18293348802744,-1.973567075795597,43.30671858158889,43.1997782323138,-2.4616488769,43.2918111063554,-1.9885133578
35857,Eibar,Donostia/San Sebastian,-2.468793916930929,43.18453065615502,-2.011110644823422,43.27897153764268,43.1997782323138,-2.4616488769,43.2918111063554,-1.9885133578
35858,Eibar,Donostia/San Sebastian,-2.4762023725618505,43.18356778266921,-1.9559413926263312,43.30258180411347,43.1997782323138,-2.4616488769,43.2918111063554,-1.9885133578
35859,Eibar,Donostia/San Sebastian,-2.471540394538831,43.18186764959576,-1.9735819137681232,43.30137522972662,43.1997782323138,-2.4616488769,43.2918111063554,-1.9885133578
35860,Eibar,Donostia/San Sebastian,-2.467542917459246,43.1848795536531,-2.0119807293582093,43.30148022283766,43.1997782323138,-2.4616488769,43.2918111063554,-1.9885133578
35861,Eibar,Donostia/San Sebastian,-2.482773411550576,43.18345991968304,-2.0103166003608792,43.28021953794874,43.1997782323138,-2.4616488769,43.2918111063554,-1.9885133578
35862,Eibar,Donostia/San Sebastian,-2.454722541617285,43.18956573448745,-1.9809703444891624,43.32259687379647,43.1997782323138,-2.4616488769,43.2918111063554,-1.9885133578
35863,Eibar,Donostia/San Sebastian,-2.4684082212637293,43.186452752743065,-1.9857113025378628,43.32142272360151,43.1997782323138,-2.4616488769,43.2918111063554,-1.9885133578
35864,Eibar,Donostia/San Sebastian,-2.4719803311320447,43.18531924154632,-1.9971300158271277,43.28538412294351,43.1997782323138,-2.4616488769,43.2918111063554,-1.9885133578
35865,Eibar,Donostia/San Sebastian,-2.4766462589526377,43.18466669045089,-1.9735819137681232,43.30137522972662,43.1997782323138,-2.4616488769,43.2918111063554,-1.9885133578
35866,Eibar,Donostia/San Sebastian,-2.462202479412565,43.187283932725705,-1.9467474874339783,43.31449653263788,43.1997782323138,-2.4616488769,43.2918111063554,-1.9885133578
35867,Eibar,Donostia/San Sebastian,-2.4619825186041147,43.18428145806912,-1.9808764306062503,43.31671532602468,43.1997782323138,-2.4616488769,43.2918111063554,-1.9885133578
35868,Eibar,Donostia/San Sebastian,-2.4709402333359844,43.18538715095403,-1.98034560242497,43.31553275717915,43.1997782323138,-2.4616488769,43.2918111063554,-1.9885133578
35869,Eibar,Donostia/San Sebastian,-2.464763062366913,43.18590035921619,-1.982478722441334,43.31968288672356,43.1997782323138,-2.4616488769,43.2918111063554,-1.9885133578
35870,Eibar,Donostia/San Sebastian,-2.4687205293195627,43.18527927341176,-1.9405113382934445,43.32095825342144,43.1997782323138,-2.4616488769,43.2918111063554,-1.9885133578
35871,Eibar,Donostia/San Sebastian,-2.4729207373895017,43.18118975776341,-1.9971300158271277,43.28538412294351,43.1997782323138,-2.4616488769,43.2918111063554,-1.9885133578
35872,Eibar,Donostia/San Sebastian,-2.472484553861673,43.18403851304532,-1.978027191355216,43.31269498460613,43.1997782323138,-2.4616488769,43.2918111063554,-1.9885133578
35873,Eibar,Donostia/San Sebastian,-2.464122302754528,43.18707182573393,-1.98411232007492,43.316842717350845,43.1997782323138,-2.4616488769,43.2918111063554,-1.9885133578
35874,Eibar,Donostia/San Sebastian,-2.470920883040029,43.18462584318508,-2.00885148759502,43.3020911418332,43.1997782323138,-2.4616488769,43.2918111063554,-1.9885133578
35875,Eibar,Donostia/San Sebastian,-2.4826260664366875,43.18448663133522,-2.002672082401317,43.30445424599783,43.1997782323138,-2.4616488769,43.2918111063554,-1.9885133578
35876,Eibar,Donostia/San Sebastian,-2.4685466896569737,43.18350108528712,-1.980916080006112,43.31821195631693,43.1997782323138,-2.4616488769,43.2918111063554,-1.9885133578
35877,Eibar,Donostia/San Sebastian,-2.4758495530928517,43.18378954775496,-2.045696008826123,43.30442472907773,43.1997782323138,-2.4616488769,43.2918111063554,-1.9885133578
35878,Eibar,Donostia/San Sebastian,-2.466118867946258,43.18544834256143,-2.0058123504127403,43.2781812068035,43.1997782323138,-2.4616488769,43.2918111063554,-1.9885133578
35879,Eibar,Donostia/San Sebastian,-2.476799546632091,43.20759307674886,-1.9607517272720936,43.29789799195497,43.1997782323138,-2.4616488769,43.2918111063554,-1.9885133578
35880,Eibar,Donostia/San Sebastian,-2.464393978650092,43.18590519377094,-1.9733442344149268,43.32248541892498,43.1997782323138,-2.4616488769,43.2918111063554,-1.9885133578
35881,Eibar,Donostia/San Sebastian,-2.468545471885704,43.18643582425643,-1.979444153575754,43.3201842627943,43.1997782323138,-2.4616488769,43.2918111063554,-1.9885133578
35882,Eibar,Donostia/San Sebastian,-2.4713345048139543,43.183567749867386,-1.9634167024075744,43.302974450180805,43.1997782323138,-2.4616488769,43.2918111063554,-1.9885133578
35883,Eibar,Donostia/San Sebastian,-2.474213269169826,43.183051737657216,-2.005192499735999,43.29981899961489,43.1997782323138,-2.4616488769,43.2918111063554,-1.9885133578
35884,Eibar,Donostia/San Sebastian,-2.456697272870586,43.19025319147576,-1.9712117458208145,43.307998843331895,43.1997782323138,-2.4616488769,43.2918111063554,-1.9885133578
35885,Eibar,Donostia/San Sebastian,-2.470364240257993,43.18224195718638,-1.9804017714587807,43.30774841972279,43.1997782323138,-2.4616488769,43.2918111063554,-1.9885133578
35886,Eibar,Donostia/San Sebastian,-2.467419535125112,43.185793052612645,-1.980040824330483,43.316971931844456,43.1997782323138,-2.4616488769,43.2918111063554,-1.9885133578
35887,Eibar,Donostia/San Sebastian,-2.4707804934449964,43.18376365787253,-1.9818961234808108,43.3193353872325,43.1997782323138,-2.4616488769,43.2918111063554,-1.9885133578
35888,Eibar,Donostia/San Sebastian,-2.470299002889709,43.18467744234452,-1.974708865953277,43.322891194691,43.1997782323138,-2.4616488769,43.2918111063554,-1.9885133578
35889,Eibar,Donostia/San Sebastian,-2.468967634145973,43.185452393297226,-1.9828511576603016,43.306512400437335,43.1997782323138,-2.4616488769,43.2918111063554,-1.9885133578
35890,Eibar,Donostia/San Sebastian,-2.475089786331608,43.18364358606832,-1.9824092948049192,43.320376226117496,43.1997782323138,-2.4616488769,43.2918111063554,-1.9885133578
35891,Eibar,Donostia/San Sebastian,-2.4757469086787736,43.18342838802452,-1.9708928006064688,43.32352891417324,43.1997782323138,-2.4616488769,43.2918111063554,-1.9885133578
35892,Eibar,Donostia/San Sebastian,-2.467026194232363,43.18556819227488,-1.9709635232068103,43.32256111526706,43.1997782323138,-2.4616488769,43.2918111063554,-1.9885133578
35893,Eibar,Donostia/San Sebastian,-2.483749362939184,43.18099619152607,-1.96985533209876,43.324439114746326,43.1997782323138,-2.4616488769,43.2918111063554,-1.9885133578
35894,Eibar,Donostia/San Sebastian,-2.469231488328256,43.18481569815168,-1.938847776298075,43.32273450737357,43.1997782323138,-2.4616488769,43.2918111063554,-1.9885133578
35895,Eibar,Donostia/San Sebastian,-2.471097395198401,43.18393493117348,-2.0014922120366494,43.30367648759344,43.1997782323138,-2.4616488769,43.2918111063554,-1.9885133578
35896,Eibar,Donostia/San Sebastian,-2.4756289479664986,43.18380276318521,-1.972415459955032,43.311540507682366,43.1997782323138,-2.4616488769,43.2918111063554,-1.9885133578
35897,Eibar,Donostia/San Sebastian,-2.46769517923378,43.18555713522879,-1.942836065560408,43.299662093449975,43.1997782323138,-2.4616488769,43.2918111063554,-1.9885133578
35898,Eibar,Donostia/San Sebastian,-2.4708345975070265,43.18198189422911,-2.0100176385855377,43.29583742942052,43.1997782323138,-2.4616488769,43.2918111063554,-1.9885133578
35899,Eibar,Donostia/San Sebastian,-2.460383887708171,43.189136734879824,-1.975764303929041,43.30812914646406,43.1997782323138,-2.4616488769,43.2918111063554,-1.9885133578
35900,Eibar,Donostia/San Sebastian,-2.472775060753282,43.18140801935748,-1.9821346664089887,43.32216632860204,43.1997782323138,-2.4616488769,43.2918111063554,-1.9885133578
35901,Eibar,Donostia/San Sebastian,-2.4641926140025943,43.18561953789813,-1.971921353118424,43.32494534112925,43.1997782323138,-2.4616488769,43.2918111063554,-1.9885133578
35902,Eibar,Donostia/San Sebastian,-2.475646814148037,43.1831070668309,-1.981452749340181,43.30402806195799,43.1997782323138,-2.4616488769,43.2918111063554,-1.9885133578
35903,Eibar,Donostia/San Sebastian,-2.4708209629298863,43.18348623900307,-1.9811590709312388,43.31825091858928,43.1997782323138,-2.4616488769,43.2918111063554,-1.9885133578
35904,Eibar,Donostia/San Sebastian,-2.4731612102339,43.18513603818945,-1.970825544787505,43.310747681066246,43.1997782323138,-2.4616488769,43.2918111063554,-1.9885133578
35905,Eibar,Donostia/San Sebastian,-2.4717590933407783,43.18445584337276,-1.979182645301607,43.3082237146822,43.1997782323138,-2.4616488769,43.2918111063554,-1.9885133578
35906,Eibar,Donostia/San Sebastian,-2.464122302754528,43.18707182573393,-2.0221309030182355,43.26249163473732,43.1997782323138,-2.4616488769,43.2918111063554,-1.9885133578
35907,Eibar,Donostia/San Sebastian,-2.470858095055468,43.18057175967671,-1.9839786449401464,43.319807939221,43.1997782323138,-2.4616488769,43.2918111063554,-1.9885133578
35908,Eibar,Donostia/San Sebastian,-2.460383887708171,43.189136734879824,-1.938985220234012,43.319037796934296,43.1997782323138,-2.4616488769,43.2918111063554,-1.9885133578
35909,Eibar,Donostia/San Sebastian,-2.469452766983252,43.18480582135931,-1.9735819137681232,43.30137522972662,43.1997782323138,-2.4616488769,43.2918111063554,-1.9885133578
35910,Eibar,Donostia/San Sebastian,-2.468793916930929,43.18453065615502,-1.975764303929041,43.30812914646406,43.1997782323138,-2.4616488769,43.2918111063554,-1.9885133578
35911,Eibar,Donostia/San Sebastian,-2.466352017942762,43.18469862915052,-1.9820721031590944,43.319075509019385,43.1997782323138,-2.4616488769,43.2918111063554,-1.9885133578
35912,Eibar,Donostia/San Sebastian,-2.4708062724143263,43.18174264013217,-1.9711686323478368,43.32253999985192,43.1997782323138,-2.4616488769,43.2918111063554,-1.9885133578
35913,Eibar,Donostia/San Sebastian,-2.4699589304616016,43.185034678650936,-1.986064031402628,43.2946045477666,43.1997782323138,-2.4616488769,43.2918111063554,-1.9885133578
35914,Eibar,Donostia/San Sebastian,-2.4738480837292465,43.18177595278307,-1.985675221889395,43.32213131298897,43.1997782323138,-2.4616488769,43.2918111063554,-1.9885133578
35915,Eibar,Donostia/San Sebastian,-2.470776490847062,43.18148928077642,-1.980858209657172,43.318959733220105,43.1997782323138,-2.4616488769,43.2918111063554,-1.9885133578
35916,Eibar,Donostia/San Sebastian,-2.4619825186041147,43.18428145806912,-1.9820419492382797,43.31985518630373,43.1997782323138,-2.4616488769,43.2918111063554,-1.9885133578
35917,Eibar,Donostia/San Sebastian,-2.4801890666364166,43.1847706465767,-1.9826960168413907,43.31768410049886,43.1997782323138,-2.4616488769,43.2918111063554,-1.9885133578
35918,Eibar,Donostia/San Sebastian,-2.4719803311320447,43.18531924154632,-1.9820400680577497,43.30495103656287,43.1997782323138,-2.4616488769,43.2918111063554,-1.9885133578
35919,Eibar,Donostia/San Sebastian,-2.460425327062956,43.20811213066428,-1.939176393421523,43.3136589174737,43.1997782323138,-2.4616488769,43.2918111063554,-1.9885133578
35920,Eibar,Donostia/San Sebastian,-2.4664045769863985,43.189051391681886,-1.9753075955305812,43.31920242528496,43.1997782323138,-2.4616488769,43.2918111063554,-1.9885133578
35921,Eibar,Donostia/San Sebastian,-2.4716799280460324,43.18341620683808,-1.9684362587127104,43.317607527482814,43.1997782323138,-2.4616488769,43.2918111063554,-1.9885133578
35922,Eibar,Donostia/San Sebastian,-2.470364240257993,43.18224195718638,-1.973567075795597,43.30671858158889,43.1997782323138,-2.4616488769,43.2918111063554,-1.9885133578
35923,Eibar,Donostia/San Sebastian,-2.455516792800568,43.18965033186,-1.9753075955305812,43.31920242528496,43.1997782323138,-2.4616488769,43.2918111063554,-1.9885133578
35924,Eibar,Donostia/San Sebastian,-2.462050005747032,43.186989327029714,-1.9781953118052775,43.302759314533496,43.1997782323138,-2.4616488769,43.2918111063554,-1.9885133578
35925,Eibar,Donostia/San Sebastian,-2.471428915387793,43.18420844845034,-1.9815999889577065,43.30557238148563,43.1997782323138,-2.4616488769,43.2918111063554,-1.9885133578
35926,Eibar,Donostia/San Sebastian,-2.482233977710777,43.18509192541715,-1.97308853978492,43.32148776447097,43.1997782323138,-2.4616488769,43.2918111063554,-1.9885133578
35927,Eibar,Donostia/San Sebastian,-2.47600889811769,43.18501840398132,-1.9749951135000363,43.30649317221847,43.1997782323138,-2.4616488769,43.2918111063554,-1.9885133578
35928,Eibar,Donostia/San Sebastian,-2.471480504455109,43.18167797269802,-2.008291564716936,43.30946811608114,43.1997782323138,-2.4616488769,43.2918111063554,-1.9885133578
35929,Eibar,Donostia/San Sebastian,-2.470999468498174,43.18113030288007,-2.0056499030518475,43.31125304306736,43.1997782323138,-2.4616488769,43.2918111063554,-1.9885133578
35930,Eibar,Donostia/San Sebastian,-2.454593318349611,43.19495610080289,-1.9735819137681232,43.30137522972662,43.1997782323138,-2.4616488769,43.2918111063554,-1.9885133578
35931,Eibar,Donostia/San Sebastian,-2.470550538395069,43.185850666151225,-2.0119807293582093,43.30148022283766,43.1997782323138,-2.4616488769,43.2918111063554,-1.9885133578
35932,Eibar,Donostia/San Sebastian,-2.454722541617285,43.18956573448745,-2.00741718106253,43.31138144723927,43.1997782323138,-2.4616488769,43.2918111063554,-1.9885133578
35933,Eibar,Donostia/San Sebastian,-2.474864464605737,43.18540620119502,-1.9833152215506211,43.317320400042014,43.1997782323138,-2.4616488769,43.2918111063554,-1.9885133578
35934,Eibar,Donostia/San Sebastian,-2.4708209629298863,43.18348623900307,-1.9769175912614327,43.31766039894317,43.1997782323138,-2.4616488769,43.2918111063554,-1.9885133578
35935,Eibar,Donostia/San Sebastian,-2.4680015721666,43.19618264214473,-1.9753075955305812,43.31920242528496,43.1997782323138,-2.4616488769,43.2918111063554,-1.9885133578
35936,Eibar,Donostia/San Sebastian,-2.466686767382111,43.18790616806027,-1.9753075955305812,43.31920242528496,43.1997782323138,-2.4616488769,43.2918111063554,-1.9885133578
35937,Eibar,Donostia/San Sebastian,-2.4719904841294835,43.18567008498737,-2.009288314692556,43.30320784149853,43.1997782323138,-2.4616488769,43.2918111063554,-1.9885133578
35938,Eibar,Donostia/San Sebastian,-2.468106495362668,43.18662836257878,-2.0063006633276017,43.31194299216381,43.1997782323138,-2.4616488769,43.2918111063554,-1.9885133578
35939,Eibar,Donostia/San Sebastian,-2.475904823598853,43.18481084457888,-1.977602122312352,43.32225449752466,43.1997782323138,-2.4616488769,43.2918111063554,-1.9885133578
35940,Eibar,Donostia/San Sebastian,-2.4688781043657806,43.18407076807347,-1.9830885028980103,43.32068947872902,43.1997782323138,-2.4616488769,43.2918111063554,-1.9885133578
35941,Eibar,Donostia/San Sebastian,-2.4750583531729253,43.18383839184184,-2.0104346685315826,43.30269052569965,43.1997782323138,-2.4616488769,43.2918111063554,-1.9885133578
35942,Eibar,Donostia/San Sebastian,-2.466789093518841,43.18559158525092,-1.9798998953410611,43.3139199320373,43.1997782323138,-2.4616488769,43.2918111063554,-1.9885133578
35943,Eibar,Donostia/San Sebastian,-2.4701295797133134,43.18553253073706,-1.977960849495072,43.31334614770932,43.1997782323138,-2.4616488769,43.2918111063554,-1.9885133578
35944,Eibar,Donostia/San Sebastian,-2.468279187873619,43.20197356328167,-1.942400641714816,43.31638365797985,43.1997782323138,-2.4616488769,43.2918111063554,-1.9885133578
35945,Eibar,Donostia/San Sebastian,-2.472484553861673,43.18403851304532,-1.972415459955032,43.311540507682366,43.1997782323138,-2.4616488769,43.2918111063554,-1.9885133578
35946,Eibar,Donostia/San Sebastian,-2.468606521869245,43.18547296691171,-1.981392980416979,43.30451061841673,43.1997782323138,-2.4616488769,43.2918111063554,-1.9885133578
35947,Eibar,Donostia/San Sebastian,-2.481454656696928,43.18608685008632,-1.9821346664089887,43.32216632860204,43.1997782323138,-2.4616488769,43.2918111063554,-1.9885133578
35948,Eibar,Donostia/San Sebastian,-2.4723261718011544,43.1847920788969,-2.0053762332870493,43.31243094678276,43.1997782323138,-2.4616488769,43.2918111063554,-1.9885133578
35949,Eibar,Donostia/San Sebastian,-2.460296580363733,43.18798546887688,-1.980846321965408,43.28781012042764,43.1997782323138,-2.4616488769,43.2918111063554,-1.9885133578
35950,Eibar,Donostia/San Sebastian,-2.4622077462872314,43.187738682640536,-2.00393652440058,43.301265624323854,43.1997782323138,-2.4616488769,43.2918111063554,-1.9885133578
35951,Eibar,Donostia/San Sebastian,-2.474954285965506,43.183656380666136,-2.0056499030518475,43.31125304306736,43.1997782323138,-2.4616488769,43.2918111063554,-1.9885133578
35952,Eibar,Donostia/San Sebastian,-2.470776490847062,43.18148928077642,-2.0053762332870493,43.31243094678276,43.1997782323138,-2.4616488769,43.2918111063554,-1.9885133578
35953,Eibar,Donostia/San Sebastian,-2.470553295856984,43.184817979819954,-2.0111135473341677,43.29546564137279,43.1997782323138,-2.4616488769,43.2918111063554,-1.9885133578
35954,Eibar,Donostia/San Sebastian,-2.472789757307351,43.18447371252684,-1.977079843944189,43.30358402657974,43.1997782323138,-2.4616488769,43.2918111063554,-1.9885133578
35955,Eibar,Donostia/San Sebastian,-2.4707025997673053,43.182402488596686,-1.9842987704552777,43.2876610907329,43.1997782323138,-2.4616488769,43.2918111063554,-1.9885133578
35956,Eibar,Donostia/San Sebastian,-2.475581287580069,43.18232052496892,-1.9638624858723968,43.316340574446855,43.1997782323138,-2.4616488769,43.2918111063554,-1.9885133578
35957,Eibar,Donostia/San Sebastian,-2.4664969495297275,43.186298481384206,-1.9913879278364843,43.31301170561188,43.1997782323138,-2.4616488769,43.2918111063554,-1.9885133578
35958,Eibar,Donostia/San Sebastian,-2.4754232685436564,43.18361321331904,-2.0251120578035096,43.2525947924109,43.1997782323138,-2.4616488769,43.2918111063554,-1.9885133578
35959,Eibar,Donostia/San Sebastian,-2.466710986940809,43.18734113428001,-1.9801647376001736,43.30861767979669,43.1997782323138,-2.4616488769,43.2918111063554,-1.9885133578
35960,Eibar,Donostia/San Sebastian,-2.471249113971492,43.18335300149673,-1.9858779114642264,43.2928805988504,43.1997782323138,-2.4616488769,43.2918111063554,-1.9885133578
35961,Eibar,Donostia/San Sebastian,-2.458130089745417,43.18902216144164,-2.005856038912131,43.30494830290731,43.1997782323138,-2.4616488769,43.2918111063554,-1.9885133578
35962,Eibar,Donostia/San Sebastian,-2.4719904841294835,43.18567008498737,-1.973567075795597,43.30671858158889,43.1997782323138,-2.4616488769,43.2918111063554,-1.9885133578
35963,Eibar,Donostia/San Sebastian,-2.4722263123980714,43.18516969068696,-1.980457165593677,43.319741145236925,43.1997782323138,-2.4616488769,43.2918111063554,-1.9885133578
35964,Eibar,Donostia/San Sebastian,-2.466981666137592,43.18582342036776,-1.971582923951059,43.32405509582964,43.1997782323138,-2.4616488769,43.2918111063554,-1.9885133578
35965,Eibar,Donostia/San Sebastian,-2.462050005747032,43.186989327029714,-1.9814359925649083,43.32031125710358,43.1997782323138,-2.4616488769,43.2918111063554,-1.9885133578
35966,Eibar,Donostia/San Sebastian,-2.471477954811073,43.18111825550002,-1.996623603196344,43.29081042738886,43.1997782323138,-2.4616488769,43.2918111063554,-1.9885133578
35967,Eibar,Donostia/San Sebastian,-2.472254157849606,43.18198656057076,-1.9820400680577497,43.30495103656287,43.1997782323138,-2.4616488769,43.2918111063554,-1.9885133578
35968,Eibar,Donostia/San Sebastian,-2.476073445793249,43.18318513200648,-1.9746885087334305,43.32515554504935,43.1997782323138,-2.4616488769,43.2918111063554,-1.9885133578
35969,Eibar,Donostia/San Sebastian,-2.483749362939184,43.18099619152607,-1.979599590217656,43.3191875929528,43.1997782323138,-2.4616488769,43.2918111063554,-1.9885133578
35970,Eibar,Donostia/San Sebastian,-2.453420845022864,43.18997599401419,-1.96985533209876,43.324439114746326,43.1997782323138,-2.4616488769,43.2918111063554,-1.9885133578
35971,Eibar,Donostia/San Sebastian,-2.46557853847862,43.18516705187824,-1.9772113894131076,43.31834309140442,43.1997782323138,-2.4616488769,43.2918111063554,-1.9885133578
35972,Eibar,Donostia/San Sebastian,-2.4526590428920234,43.18945586567658,-2.021912921228201,43.2554943972082,43.1997782323138,-2.4616488769,43.2918111063554,-1.9885133578
35973,Eibar,Donostia/San Sebastian,-2.475646814148037,43.1831070668309,-2.0172550276343237,43.30085170898612,43.1997782323138,-2.4616488769,43.2918111063554,-1.9885133578
35974,Eibar,Donostia/San Sebastian,-2.4725500208251026,43.18529790775244,-2.0187082026811427,43.30054048151917,43.1997782323138,-2.4616488769,43.2918111063554,-1.9885133578
35975,Eibar,Donostia/San Sebastian,-2.481629377605847,43.185967576319705,-1.9847355669491609,43.316111056668426,43.1997782323138,-2.4616488769,43.2918111063554,-1.9885133578
35976,Eibar,Donostia/San Sebastian,-2.4714810360277344,43.18313448192895,-1.980669090873144,43.293465422322384,43.1997782323138,-2.4616488769,43.2918111063554,-1.9885133578
35977,Eibar,Donostia/San Sebastian,-2.467914437209558,43.18671394046397,-1.9735819137681232,43.30137522972662,43.1997782323138,-2.4616488769,43.2918111063554,-1.9885133578
35978,Eibar,Donostia/San Sebastian,-2.4690899846457794,43.18555534657584,-1.983174390990034,43.322111817191086,43.1997782323138,-2.4616488769,43.2918111063554,-1.9885133578
35979,Eibar,Donostia/San Sebastian,-2.470162142779244,43.18593089448252,-1.9820400680577497,43.30495103656287,43.1997782323138,-2.4616488769,43.2918111063554,-1.9885133578
35980,Eibar,Donostia/San Sebastian,-2.453420845022864,43.18997599401419,-1.9753075955305812,43.31920242528496,43.1997782323138,-2.4616488769,43.2918111063554,-1.9885133578
35981,Eibar,Donostia/San Sebastian,-2.471477954811073,43.18111825550002,-1.9820400680577497,43.30495103656287,43.1997782323138,-2.4616488769,43.2918111063554,-1.9885133578
35982,Eibar,Donostia/San Sebastian,-2.466318582117,43.186482301482464,-1.9829195117805472,43.32219726173232,43.1997782323138,-2.4616488769,43.2918111063554,-1.9885133578
35983,Eibar,Donostia/San Sebastian,-2.4853160698713688,43.18158071290221,-1.970825544787505,43.310747681066246,43.1997782323138,-2.4616488769,43.2918111063554,-1.9885133578
35984,Eibar,Donostia/San Sebastian,-2.469401500695507,43.18152058550114,-2.0035716471093403,43.30088455496067,43.1997782323138,-2.4616488769,43.2918111063554,-1.9885133578
35985,Eibar,Donostia/San Sebastian,-2.468485647498777,43.18565588671544,-1.9820721031590944,43.319075509019385,43.1997782323138,-2.4616488769,43.2918111063554,-1.9885133578
35986,Eibar,Donostia/San Sebastian,-2.4880707850126624,43.179517037472586,-1.979444153575754,43.3201842627943,43.1997782323138,-2.4616488769,43.2918111063554,-1.9885133578
35987,Eibar,Donostia/San Sebastian,-2.471699740918843,43.18050398627623,-1.983982918398552,43.31631765765595,43.1997782323138,-2.4616488769,43.2918111063554,-1.9885133578
35988,Eibar,Donostia/San Sebastian,-2.4617021564050736,43.18299355127563,-1.9735819137681232,43.30137522972662,43.1997782323138,-2.4616488769,43.2918111063554,-1.9885133578
35989,Eibar,Donostia/San Sebastian,-2.462295769176443,43.18766431086652,-1.9815999889577065,43.30557238148563,43.1997782323138,-2.4616488769,43.2918111063554,-1.9885133578
35990,Eibar,Donostia/San Sebastian,-2.4652286980203053,43.18585490429816,-1.9753075955305812,43.31920242528496,43.1997782323138,-2.4616488769,43.2918111063554,-1.9885133578
35991,Eibar,Donostia/San Sebastian,-2.472263731893169,43.18157772770695,-2.0172550276343237,43.30085170898612,43.1997782323138,-2.4616488769,43.2918111063554,-1.9885133578
35992,Eibar,Donostia/San Sebastian,-2.4880707850126624,43.179517037472586,-1.9566288942610277,43.31416672045549,43.1997782323138,-2.4616488769,43.2918111063554,-1.9885133578
35993,Eibar,Donostia/San Sebastian,-2.476233654170225,43.1848016243379,-1.980040824330483,43.316971931844456,43.1997782323138,-2.4616488769,43.2918111063554,-1.9885133578
35994,Eibar,Donostia/San Sebastian,-2.483950014161275,43.18291151628362,-1.973874917762113,43.3233081026155,43.1997782323138,-2.4616488769,43.2918111063554,-1.9885133578
35995,Eibar,Donostia/San Sebastian,-2.453420845022864,43.18997599401419,-1.9735819137681232,43.30137522972662,43.1997782323138,-2.4616488769,43.2918111063554,-1.9885133578
35996,Eibar,Donostia/San Sebastian,-2.4805082239116003,43.18531460969031,-1.981392980416979,43.30451061841673,43.1997782323138,-2.4616488769,43.2918111063554,-1.9885133578
35997,Eibar,Donostia/San Sebastian,-2.460383887708171,43.189136734879824,-1.979444153575754,43.3201842627943,43.1997782323138,-2.4616488769,43.2918111063554,-1.9885133578
35998,Eibar,Donostia/San Sebastian,-2.472899664942118,43.18286419106976,-1.9833675624211144,43.3253431009767,43.1997782323138,-2.4616488769,43.2918111063554,-1.9885133578
35999,Eibar,Donostia/San Sebastian,-2.462071464007537,43.1857263155829,-1.9811887464877724,43.30345092935061,43.1997782323138,-2.4616488769,43.2918111063554,-1.9885133578
36000,Eibar,Donostia/San Sebastian,-2.4757626925389458,43.18289033953506,-1.984896621589979,43.31733895735856,43.1997782323138,-2.4616488769,43.2918111063554,-1.9885133578
36001,Eibar,Donostia/San Sebastian,-2.4628580041385817,43.18761027611856,-1.9753075955305812,43.31920242528496,43.1997782323138,-2.4616488769,43.2918111063554,-1.9885133578
36002,Eibar,Donostia/San Sebastian,-2.461881308692626,43.18251247355521,-2.0157872355156448,43.30103084249017,43.1997782323138,-2.4616488769,43.2918111063554,-1.9885133578
36003,Eibar,Donostia/San Sebastian,-2.486366786804378,43.181192022881,-1.977602122312352,43.32225449752466,43.1997782323138,-2.4616488769,43.2918111063554,-1.9885133578
52852,Bergara,Beasain,-2.4136198552772896,43.11534775465815,-2.2095584305901395,43.04371482063348,43.1220053801849,-2.4148383635,43.0732613951147,-2.2179073142
52853,Bergara,Beasain,-2.421005003180737,43.1238811949273,-2.2095584305901395,43.04371482063348,43.1220053801849,-2.4148383635,43.0732613951147,-2.2179073142
52854,Bergara,Beasain,-2.4138106823758947,43.11677863656198,-2.220498837028494,43.04989710015551,43.1220053801849,-2.4148383635,43.0732613951147,-2.2179073142
52855,Bergara,Beasain,-2.415274558733079,43.11787426018077,-2.217736479632054,43.04827503397434,43.1220053801849,-2.4148383635,43.0732613951147,-2.2179073142
52856,Bergara,Beasain,-2.4143244164851927,43.112809158278274,-2.188592228218708,43.05194222726538,43.1220053801849,-2.4148383635,43.0732613951147,-2.2179073142
52857,Bergara,Beasain,-2.405541926621379,43.11982023615737,-2.217734927178633,43.04999822576403,43.1220053801849,-2.4148383635,43.0732613951147,-2.2179073142
52858,Bergara,Beasain,-2.4146896130688726,43.11631123135311,-2.199206678962475,43.04432343132505,43.1220053801849,-2.4148383635,43.0732613951147,-2.2179073142
52859,Bergara,Beasain,-2.40969323732176,43.11875428081029,-2.196727600193244,43.04732206863751,43.1220053801849,-2.4148383635,43.0732613951147,-2.2179073142
52860,Bergara,Beasain,-2.415725209730468,43.11508243512621,-2.2011965199105936,43.044534250763306,43.1220053801849,-2.4148383635,43.0732613951147,-2.2179073142
52861,Bergara,Beasain,-2.4155902413944728,43.117180004399046,-2.236591466065183,43.04537960413317,43.1220053801849,-2.4148383635,43.0732613951147,-2.2179073142
52862,Bergara,Beasain,-2.415274558733079,43.11787426018077,-2.217734927178633,43.04999822576403,43.1220053801849,-2.4148383635,43.0732613951147,-2.2179073142
52863,Bergara,Beasain,-2.4154270783184253,43.11753875195761,-2.217440503478866,43.04681172977936,43.1220053801849,-2.4148383635,43.0732613951147,-2.2179073142
52864,Bergara,Beasain,-2.4085866026606824,43.1200744381937,-2.188592228218708,43.05194222726538,43.1220053801849,-2.4148383635,43.0732613951147,-2.2179073142
52865,Bergara,Beasain,-2.4172094178128067,43.108722602786266,-2.1888768551248434,43.05080343322182,43.1220053801849,-2.4148383635,43.0732613951147,-2.2179073142
52866,Bergara,Beasain,-2.41241798053496,43.11868924202704,-2.194872615820847,43.04722658184545,43.1220053801849,-2.4148383635,43.0732613951147,-2.2179073142
52867,Bergara,Beasain,-2.417610354384595,43.107967509347326,-2.2095584305901395,43.04371482063348,43.1220053801849,-2.4148383635,43.0732613951147,-2.2179073142
52868,Bergara,Beasain,-2.414004021909213,43.11594496851003,-2.188592228218708,43.05194222726538,43.1220053801849,-2.4148383635,43.0732613951147,-2.2179073142
52869,Bergara,Beasain,-2.411424026070767,43.11063717744428,-2.225945168405646,43.05153582469221,43.1220053801849,-2.4148383635,43.0732613951147,-2.2179073142
52870,Bergara,Beasain,-2.414610294285201,43.11000472211729,-2.2095584305901395,43.04371482063348,43.1220053801849,-2.4148383635,43.0732613951147,-2.2179073142
52871,Bergara,Beasain,-2.4125150910013224,43.1193313406081,-2.202043415628188,43.046807590000455,43.1220053801849,-2.4148383635,43.0732613951147,-2.2179073142
52872,Bergara,Beasain,-2.40969323732176,43.11875428081029,-2.217734927178633,43.04999822576403,43.1220053801849,-2.4148383635,43.0732613951147,-2.2179073142
52873,Bergara,Beasain,-2.417586142982129,43.12162866302697,-2.188592228218708,43.05194222726538,43.1220053801849,-2.4148383635,43.0732613951147,-2.2179073142
52874,Bergara,Beasain,-2.4146896130688726,43.11631123135311,-2.2095584305901395,43.04371482063348,43.1220053801849,-2.4148383635,43.0732613951147,-2.2179073142
52875,Bergara,Beasain,-2.416420909996062,43.11931767522862,-2.225945168405646,43.05153582469221,43.1220053801849,-2.4148383635,43.0732613951147,-2.2179073142
52876,Bergara,Beasain,-2.4125953346287896,43.11848341368398,-2.188592228218708,43.05194222726538,43.1220053801849,-2.4148383635,43.0732613951147,-2.2179073142
52877,Bergara,Beasain,-2.412335776383137,43.11136642904177,-2.188592228218708,43.05194222726538,43.1220053801849,-2.4148383635,43.0732613951147,-2.2179073142
52878,Bergara,Beasain,-2.418696765043949,43.12193273900562,-2.188592228218708,43.05194222726538,43.1220053801849,-2.4148383635,43.0732613951147,-2.2179073142
52879,Bergara,Beasain,-2.412987466697695,43.11970326068053,-2.188592228218708,43.05194222726538,43.1220053801849,-2.4148383635,43.0732613951147,-2.2179073142
52880,Bergara,Beasain,-2.4152810885991496,43.116252248269774,-2.188592228218708,43.05194222726538,43.1220053801849,-2.4148383635,43.0732613951147,-2.2179073142
52881,Bergara,Beasain,-2.415795725871981,43.1140689246533,-2.188592228218708,43.05194222726538,43.1220053801849,-2.4148383635,43.0732613951147,-2.2179073142
52882,Bergara,Beasain,-2.415538154629363,43.115714511279386,-2.220498837028494,43.04989710015551,43.1220053801849,-2.4148383635,43.0732613951147,-2.2179073142
52883,Bergara,Beasain,-2.4139862649746884,43.1166225420045,-2.217734927178633,43.04999822576403,43.1220053801849,-2.4148383635,43.0732613951147,-2.2179073142
52884,Bergara,Beasain,-2.406738085640165,43.1195065214696,-2.2095584305901395,43.04371482063348,43.1220053801849,-2.4148383635,43.0732613951147,-2.2179073142
52885,Bergara,Beasain,-2.4136845469403885,43.118377680409225,-2.198119536992456,43.048254243205065,43.1220053801849,-2.4148383635,43.0732613951147,-2.2179073142
52886,Bergara,Beasain,-2.415089230585884,43.11335804939629,-2.188592228218708,43.05194222726538,43.1220053801849,-2.4148383635,43.0732613951147,-2.2179073142
52887,Bergara,Beasain,-2.4137335180505834,43.11054837622572,-2.2095584305901395,43.04371482063348,43.1220053801849,-2.4148383635,43.0732613951147,-2.2179073142
52888,Bergara,Beasain,-2.414807389947173,43.1190456475593,-2.2095584305901395,43.04371482063348,43.1220053801849,-2.4148383635,43.0732613951147,-2.2179073142
52889,Bergara,Beasain,-2.4121522113005724,43.11098867690392,-2.198119536992456,43.048254243205065,43.1220053801849,-2.4148383635,43.0732613951147,-2.2179073142
52890,Bergara,Beasain,-2.4129303731369487,43.116293399219096,-2.188592228218708,43.05194222726538,43.1220053801849,-2.4148383635,43.0732613951147,-2.2179073142
52891,Bergara,Beasain,-2.416420909996062,43.11931767522862,-2.220498837028494,43.04989710015551,43.1220053801849,-2.4148383635,43.0732613951147,-2.2179073142
52892,Bergara,Beasain,-2.4135415320388613,43.12003475253336,-2.217734927178633,43.04999822576403,43.1220053801849,-2.4148383635,43.0732613951147,-2.2179073142
52893,Bergara,Beasain,-2.416973793802076,43.10894846036082,-2.2334401654975578,43.05245647064154,43.1220053801849,-2.4148383635,43.0732613951147,-2.2179073142
52894,Bergara,Beasain,-2.412987466697695,43.11970326068053,-2.188592228218708,43.05194222726538,43.1220053801849,-2.4148383635,43.0732613951147,-2.2179073142
